SYSTEM_ID,TBL_ID,TBL_CD,TBL_DESC1,TBL_DESC2,TBL_VAL1,TBL_VAL2,TBL_VAL3,TBL_VAL4,TBL_VAL5,TBL_VAL6,TBL_VAL7,TBL_VAL8,STADT,ENDDT
OB,01,01,汽車,NULL,NULL,NULL,NULL,NULL,NULL,NULL,NULL,NULL,20001101,20991231
OB,01,02,機車,NULL,NULL,NULL,NULL,NULL,NULL,NULL,NULL,NULL,20001101,20991231
OB,01,03,一般商品,NULL,NULL,NULL,NULL,NULL,NULL,NULL,NULL,NULL,20001101,20991231
OB,02,01,新車,NULL,NULL,NULL,01,NULL,NULL,NULL,NULL,NULL,20001101,20991231
OB,02,02,中古車,NULL,NULL,NULL,01,NULL,NULL,NULL,NULL,NULL,20001101,20991231
OB,02,03,原融,NULL,NULL,NULL,01,NULL,NULL,NULL,NULL,NULL,20001101,20991231
OB,02,04,原融代償,NULL,NULL,NULL,01,NULL,NULL,NULL,NULL,NULL,20001101,20991231
OB,02,05,在庫融資,NULL,NULL,NULL,01,NULL,NULL,NULL,NULL,NULL,20001101,20991231
OB,02,11,保單,NULL,NULL,NULL,NULL,NULL,NULL,NULL,NULL,NULL,20001101,20991231
OB,02,12,信貸,NULL,NULL,NULL,NULL,NULL,NULL,NULL,NULL,NULL,20001101,20991231
OB,02,31,遠信機車,NULL,NULL,NULL,02,NULL,NULL,NULL,NULL,NULL,20001101,20991231
OB,02,32,遠信圖書,NULL,NULL,NULL,02,NULL,NULL,NULL,NULL,NULL,20001101,20991231
OB,02,33,遠信綜合,NULL,NULL,NULL,02,NULL,NULL,NULL,NULL,NULL,20001101,20991231
OB,02,41,機器設備,NULL,NULL,NULL,NULL,NULL,NULL,NULL,NULL,NULL,20001101,20991231
OB,02,42,重型機車,NULL,NULL,NULL,01,NULL,NULL,NULL,NULL,NULL,20001101,20991231
OB,02,51,一般分期,NULL,NULL,NULL,03,NULL,NULL,NULL,NULL,NULL,20001101,20991231
OB,02,52,諾蒂亞,NULL,NULL,NULL,03,NULL,NULL,NULL,NULL,NULL,20001101,20991231
OB,02,61,亞太策盟A,NULL,NULL,NULL,02,NULL,NULL,NULL,NULL,NULL,20001101,20991231
OB,02,62,亞太策盟B,NULL,NULL,NULL,02,NULL,NULL,NULL,NULL,NULL,20001101,20991231
OB,02,63,第一專案A,NULL,NULL,NULL,02,NULL,NULL,NULL,NULL,NULL,20001101,20991231
OB,02,64,第一專案B,NULL,NULL,NULL,02,NULL,NULL,NULL,NULL,NULL,20001101,20991231
OB,02,65,廿一專案A,NULL,NULL,NULL,02,NULL,NULL,NULL,NULL,NULL,20001101,20991231
OB,02,66,廿一專案B,NULL,NULL,NULL,02,NULL,NULL,NULL,NULL,NULL,20001101,20991231
OB,02,67,台灣才將專案A,NULL,NULL,NULL,02,NULL,NULL,NULL,NULL,NULL,20001101,20991231
OB,02,68,台灣才將專案B,NULL,NULL,NULL,02,NULL,NULL,NULL,NULL,NULL,20001101,20991231
OB,02,69,遠信AR專案A,NULL,NULL,NULL,02,NULL,NULL,NULL,NULL,NULL,20001101,20991231
OB,02,70,遠信AR專案B,NULL,NULL,NULL,02,NULL,NULL,NULL,NULL,NULL,20001101,20991231
OB,02,71,遠信AR專案C,NULL,NULL,NULL,02,NULL,NULL,NULL,NULL,NULL,20001101,20991231
OB,02,72,和灣專案A,NULL,NULL,NULL,02,NULL,NULL,NULL,NULL,NULL,20001101,20991231
OB,02,73,和灣專案B,NULL,NULL,NULL,02,NULL,NULL,NULL,NULL,NULL,20001101,20991231
OB,02,74,機車原融,NULL,NULL,NULL,NULL,NULL,NULL,NULL,NULL,NULL,20001101,20991231
OB,02,75,機車自承,NULL,NULL,NULL,NULL,NULL,NULL,NULL,NULL,NULL,20001101,20991231
OB,02,76,商品分期,NULL,NULL,NULL,NULL,NULL,NULL,NULL,NULL,NULL,20001101,20991231
OB,02,77,機車買賣,NULL,NULL,NULL,NULL,NULL,NULL,NULL,NULL,NULL,20001101,20991231
OB,02,99,其他,NULL,NULL,NULL,NULL,NULL,NULL,NULL,NULL,NULL,20001101,20991231
OB,03,01,分派名單,NULL,NULL,NULL,NULL,NULL,NULL,NULL,NULL,NULL,20211101,20991231
OB,03,02,外部名單,NULL,NULL,NULL,NULL,NULL,NULL,NULL,NULL,NULL,20211101,20991231
OB,04,01,0,NULL,NULL,NULL,NULL,NULL,NULL,NULL,NULL,NULL,20001101,20991231
OB,05,01,4,NULL,NULL,NULL,NULL,NULL,NULL,NULL,NULL,NULL,20001101,20991231
OB,06,"0   ","借款人                        ",NULL,NULL,NULL,NULL,NULL,NULL,NULL,NULL,NULL,20001101,20991231
OB,06,"1   ","保證人                        ",NULL,NULL,NULL,NULL,NULL,NULL,NULL,NULL,NULL,20001101,20101001
OB,06,"2   ","保證人                        ",NULL,NULL,NULL,NULL,NULL,NULL,NULL,NULL,NULL,20001101,20101001
OB,06,"3   ","保證人                        ",NULL,NULL,NULL,NULL,NULL,NULL,NULL,NULL,NULL,20001101,20101001
OB,06,"4   ","聯絡人                        ",NULL,NULL,NULL,NULL,NULL,NULL,NULL,NULL,NULL,20001101,20991231
OB,06,"5   ","實際用車人                    ",NULL,NULL,NULL,NULL,NULL,NULL,NULL,NULL,NULL,20001101,20991231
OB,06,"6   ","匯款收件人                    ",NULL,NULL,NULL,NULL,NULL,NULL,NULL,NULL,NULL,20001101,20991231
OB,06,G,保證人,NULL,NULL,NULL,NULL,NULL,NULL,NULL,NULL,NULL,20001101,20991231
OB,06,P,暗保人,NULL,NULL,NULL,NULL,NULL,NULL,NULL,NULL,NULL,20001101,20991231
OB,07,XTC2,北一,,1,NULL,NULL,NULL,NULL,NULL,NULL,NULL,20001101,20991231
OB,07,XTC4,桃園,,2,NULL,NULL,NULL,NULL,NULL,NULL,NULL,20001101,20991231
OB,07,XTC7,高雄,,3,NULL,NULL,NULL,NULL,NULL,NULL,NULL,20001101,20991231
OB,07,XTC8,通路行銷一,,4,NULL,NULL,NULL,NULL,NULL,NULL,NULL,20001101,20991231
OB,07,XVC1,北二,,5,NULL,NULL,NULL,NULL,NULL,NULL,NULL,20001101,20991231
OB,07,XVC3,台中,,6,NULL,NULL,NULL,NULL,NULL,NULL,NULL,20001101,20991231
OB,07,XVC5,台南,,7,NULL,NULL,NULL,NULL,NULL,NULL,NULL,20001101,20991231
OB,07,XVC6,彰化,,8,NULL,NULL,NULL,NULL,NULL,NULL,NULL,20001101,20991231
OB,07,XVC9,通路行銷二,,9,NULL,NULL,NULL,NULL,NULL,NULL,NULL,20001101,20991231
OB,07,XVE1,北區電銷1,北區電銷1,10,NULL,NULL,NULL,NULL,NULL,NULL,NULL,NULL,NULL
OB,07,XVE2,南區電銷,南區電銷,11,NULL,NULL,NULL,NULL,NULL,NULL,NULL,NULL,NULL
OB,07,XVE3,北區電銷2,北區電銷2,12,NULL,NULL,NULL,NULL,NULL,NULL,NULL,NULL,NULL
OB,07,XVE4,中區電銷,中區電銷,13,NULL,NULL,NULL,NULL,NULL,NULL,NULL,NULL,NULL
OB,07,XVF3,中通銷,NULL,20,NULL,NULL,NULL,NULL,NULL,NULL,NULL,NULL,NULL
OB,07,XVT1,和潤/遠信,NULL,14,NULL,NULL,NULL,NULL,NULL,NULL,NULL,NULL,NULL
OB,07,XVY1,和潤/亞太,NULL,15,NULL,NULL,NULL,NULL,NULL,NULL,NULL,NULL,NULL
OB,07,XVY2,和潤/第一,NULL,16,NULL,NULL,NULL,NULL,NULL,NULL,NULL,NULL,NULL
OB,07,XVY3,廿一世紀,NULL,17,NULL,NULL,NULL,NULL,NULL,NULL,NULL,NULL,NULL
OB,07,XVY4,台灣才將,NULL,18,NULL,NULL,NULL,NULL,NULL,NULL,NULL,NULL,NULL
OB,07,XVY5,和灣,NULL,19,NULL,NULL,NULL,NULL,NULL,NULL,NULL,NULL,NULL
OB,07,XVZ3,客服部,23,NULL,NULL,NULL,NULL,NULL,NULL,NULL,NULL,NULL,NULL
OB,09,01,Y,NULL,NULL,NULL,NULL,NULL,NULL,NULL,NULL,NULL,20001101,20991231
OB,09,02,N,NULL,NULL,NULL,NULL,NULL,NULL,NULL,NULL,NULL,20001101,20991231
OB,10,XTC0,電銷二課,南區電銷,NULL,NULL,20578,XVE2,21515,5,30002,BDD00,20001101,20991231
OB,10,XVC0,電銷一課,北區電銷1,NULL,NULL,20247,XVE1,20629,3,30001,BDA00,20001101,20991231
OB,10,XVE4,中區電銷一處,中區電銷1,NULL,NULL,20945,XVE4,22160,10,30004,BDC00,20001101,20991231
OB,10,XXC0,電銷三,北區電銷2,NULL,NULL,20458,XVE3,22307,4,30003,BDB00,20001101,20991231
OB,11,01,核准,NULL,NULL,NULL,NULL,NULL,NULL,NULL,NULL,NULL,20091201,20991231
OB,11,02,婉拒,NULL,NULL,NULL,NULL,NULL,NULL,NULL,NULL,NULL,20091201,20991231
OB,11,03,附條件,NULL,NULL,NULL,NULL,NULL,NULL,NULL,NULL,NULL,20091201,20991231
OB,11,04,資料/文件不齊,NULL,NULL,NULL,NULL,NULL,NULL,NULL,NULL,NULL,20091201,20991231
OB,11,05,主管簽核中,NULL,NULL,NULL,NULL,NULL,NULL,NULL,NULL,NULL,20091201,20991231
OB,12,01,本牌/新車,01,0,NULL,NULL,1,C,NULL,NULL,NULL,20190528,20991231
OB,12,02,本牌/中古,02,0,NULL,NULL,NULL,C,NULL,NULL,NULL,20190528,20991231
OB,12,03,本牌/營業車,01,0,NULL,NULL,1,C,NULL,NULL,NULL,20190528,20991231
OB,12,04,本牌/原融,02,0,NULL,NULL,NULL,C,NULL,NULL,NULL,20190528,20991231
OB,12,05,本牌/中古營業車,02,0,NULL,NULL,NULL,C,NULL,NULL,NULL,20190528,20991231
OB,12,06,本牌/原融代償,02,0,NULL,NULL,NULL,C,NULL,NULL,NULL,20190528,20991231
OB,12,07,保單,04,0,NULL,NULL,1,G,NULL,NULL,NULL,20190528,20991231
OB,12,08,信貸,05,2,NULL,NULL,NULL,G,NULL,NULL,NULL,20190528,20991231
OB,12,09,機器設備,06,3,NULL,NULL,NULL,M,NULL,NULL,NULL,20190528,20991231
OB,12,10,遠信機車,07,3,NULL,NULL,NULL,T,NULL,NULL,NULL,20190528,20991231
OB,12,11,他牌/新車,01,1,NULL,NULL,NULL,C,NULL,NULL,NULL,20190528,20991231
OB,12,12,他牌/中古,02,1,NULL,NULL,NULL,C,NULL,NULL,NULL,20190528,20991231
OB,12,13,他牌/營業車,01,1,NULL,NULL,NULL,C,NULL,NULL,NULL,20190528,20991231
OB,12,14,他牌/原融,02,1,NULL,NULL,NULL,C,NULL,NULL,NULL,20190528,20991231
OB,12,15,他牌/中古營業車,02,1,NULL,NULL,NULL,C,NULL,NULL,NULL,20190528,20991231
OB,12,16,他牌/原融代償,02,1,NULL,NULL,NULL,C,NULL,NULL,NULL,20190528,20991231
OB,12,17,重型機車,01,1,NULL,NULL,NULL,C,NULL,NULL,NULL,20190528,20991231
OB,12,18,遠信圖書,07,3,NULL,NULL,NULL,T,NULL,NULL,NULL,20190528,20991231
OB,12,19,遠信綜合,07,3,NULL,NULL,NULL,T,NULL,NULL,NULL,20190528,20991231
OB,12,20,本牌/原融營業車,02,0,NULL,NULL,NULL,C,NULL,NULL,NULL,20190528,20991231
OB,12,21,他牌/原融營業車,02,1,NULL,NULL,NULL,C,NULL,NULL,NULL,20190528,20991231
OB,12,22,本牌/原融代償營業車,02,0,NULL,NULL,NULL,C,NULL,NULL,NULL,20190528,20991231
OB,12,23,他牌/原融代償營業車,02,1,NULL,NULL,NULL,C,NULL,NULL,NULL,20190528,20991231
OB,12,24,一般分期/床的世界,08,3,NULL,1,NULL,Z,NULL,NULL,NULL,20190528,20991231
OB,12,25,一般分期/諾蒂亞,08,3,NULL,1,NULL,Z,NULL,NULL,NULL,20190528,20991231
OB,12,26,亞太專案A,09,3,NULL,NULL,NULL,Y,NULL,NULL,NULL,20190528,20991231
OB,12,27,亞太專案B,09,3,NULL,NULL,NULL,Y,NULL,NULL,NULL,20190528,20991231
OB,12,28,第一專案A,10,3,NULL,NULL,NULL,Y,NULL,NULL,NULL,20190528,20991231
OB,12,29,第一專案B,10,3,NULL,NULL,NULL,Y,NULL,NULL,NULL,20190528,20991231
OB,12,30,二十一專案A,11,3,NULL,NULL,NULL,Y,NULL,NULL,NULL,20190528,20991231
OB,12,31,二十一專案B,11,3,NULL,NULL,NULL,Y,NULL,NULL,NULL,20190528,20991231
OB,12,32,台灣才將專案A,12,3,NULL,NULL,NULL,Y,NULL,NULL,NULL,20190528,20991231
OB,12,33,台灣才將專案B,12,3,NULL,NULL,NULL,T,NULL,NULL,NULL,20190528,20991231
OB,12,34,遠信AR專案A,13,3,NULL,NULL,NULL,T,NULL,NULL,NULL,20190528,20991231
OB,12,35,遠信AR專案B,13,3,NULL,NULL,NULL,T,NULL,NULL,NULL,20190528,20991231
OB,12,36,遠信AR專案C,13,3,NULL,NULL,NULL,T,NULL,NULL,NULL,20190528,20991231
OB,12,37,和灣專案A,14,3,NULL,NULL,NULL,Y,NULL,NULL,NULL,20190528,20991231
OB,12,38,和灣專案B,14,3,NULL,NULL,NULL,Y,NULL,NULL,NULL,20190528,20991231
OB,12,39,他牌/機車原融,15,3,NULL,NULL,NULL,C,NULL,NULL,NULL,20190528,20991231
OB,12,40,他牌/機車自承,16,3,NULL,NULL,NULL,C,NULL,NULL,NULL,20190528,20991231
OB,12,41,商品分期,17,3,NULL,NULL,NULL,C,NULL,NULL,NULL,20190528,20991231
OB,12,99,其他,03,3,NULL,NULL,1,C,NULL,NULL,NULL,20190528,20991231
OB,13,N,未結案,NULL,NULL,NULL,NULL,NULL,NULL,NULL,NULL,NULL,NULL,NULL
OB,13,Y,結案,NULL,NULL,NULL,NULL,NULL,NULL,NULL,NULL,NULL,NULL,NULL
OB,14,01,生活周轉,NULL,NULL,NULL,NULL,NULL,NULL,NULL,NULL,NULL,NULL,NULL
OB,14,02,公司周轉,NULL,NULL,NULL,NULL,NULL,NULL,NULL,NULL,NULL,NULL,NULL
OB,14,03,代償本(他)行貸款,NULL,NULL,NULL,NULL,NULL,NULL,NULL,NULL,NULL,NULL,NULL
OB,14,04,還卡債或信貸,NULL,NULL,NULL,NULL,NULL,NULL,NULL,NULL,NULL,NULL,NULL
OB,14,05,投資理財,NULL,NULL,NULL,NULL,NULL,NULL,NULL,NULL,NULL,NULL,NULL
OB,14,06,房屋修繕,NULL,NULL,NULL,NULL,NULL,NULL,NULL,NULL,NULL,NULL,NULL
OB,14,07,借錢給親朋好友,NULL,NULL,NULL,NULL,NULL,NULL,NULL,NULL,NULL,NULL,NULL
OB,14,99,其他,NULL,NULL,NULL,NULL,NULL,NULL,NULL,NULL,NULL,NULL,NULL
OB,15,10,汽車名單,NULL,NULL,NULL,NULL,NULL,NULL,NULL,NULL,NULL,NULL,NULL
OB,15,11,機車名單,NULL,NULL,NULL,NULL,NULL,NULL,NULL,NULL,NULL,NULL,NULL
OB,15,12,廣宣-0800貸款需求,NULL,NULL,NULL,NULL,NULL,NULL,NULL,NULL,NULL,NULL,NULL
OB,15,13,廣宣-線上客服,NULL,NULL,NULL,NULL,NULL,NULL,NULL,NULL,NULL,NULL,NULL
OB,15,14,廣宣-LINE,NULL,NULL,NULL,NULL,NULL,NULL,NULL,NULL,NULL,NULL,NULL
OB,15,15,廣宣-客服貸款需求,NULL,NULL,NULL,NULL,NULL,NULL,NULL,NULL,NULL,NULL,NULL
OB,15,16,廣宣-官網,NULL,NULL,NULL,NULL,NULL,NULL,NULL,NULL,NULL,NULL,NULL
OB,15,17,廣宣-作服反行銷,NULL,NULL,NULL,NULL,NULL,NULL,NULL,NULL,NULL,NULL,NULL
OB,15,18,廣宣-信審反行銷,NULL,NULL,NULL,NULL,NULL,NULL,NULL,NULL,NULL,NULL,NULL
OB,15,19,廣宣-小資續貸,NULL,NULL,NULL,NULL,NULL,NULL,NULL,NULL,NULL,NULL,NULL
OB,16,06,0800貸款需求,NULL,NULL,NULL,NULL,02,NULL,NULL,NULL,NULL,20210408,20991231
OB,16,07,線上客服,NULL,NULL,NULL,NULL,02,NULL,NULL,NULL,NULL,20210408,20991231
OB,16,08,LINE,NULL,NULL,NULL,NULL,02,NULL,NULL,NULL,NULL,20210408,20991231
OB,16,09,客服貸款需求,NULL,NULL,NULL,Y,NULL,NULL,NULL,NULL,NULL,20210408,20991231
OB,16,10,官網,NULL,NULL,NULL,Y,02,NULL,NULL,NULL,NULL,20210408,20991231
OB,16,11,作服CR維繫,NULL,NULL,NULL,Y,02,NULL,NULL,NULL,NULL,20210408,20991231
OB,16,12,信審CR維繫,NULL,NULL,NULL,Y,02,NULL,NULL,NULL,NULL,20210408,20991231
OB,16,13,小資續貸,NULL,NULL,NULL,Y,NULL,NULL,NULL,NULL,NULL,20210408,20991231
OB,16,14,離職名單維繫,NULL,NULL,NULL,Y,NULL,NULL,NULL,NULL,NULL,20210514,20991231
OB,17,01,[車號],LIC_NO,NULL,NULL,NULL,NULL,NULL,NULL,NULL,NULL,NULL,NULL
OB,17,02,[車主],CUSTO_NO,NULL,NULL,NULL,NULL,NULL,NULL,NULL,NULL,NULL,NULL
OB,17,03,[保人1],GUARD_NO1,NULL,NULL,NULL,NULL,NULL,NULL,NULL,NULL,NULL,NULL
OB,17,04,[保人2],GUARD_NO2,NULL,NULL,NULL,NULL,NULL,NULL,NULL,NULL,NULL,NULL
OB,17,05,[保人3],GUARD_NO3,NULL,NULL,NULL,NULL,NULL,NULL,NULL,NULL,NULL,NULL
OB,18,01,未撥打名單抽案天數,NULL,-3,NULL,NULL,NULL,NULL,NULL,NULL,NULL,NULL,NULL
OB,18,02,自然到期抽案天數,NULL,-45,NULL,NULL,NULL,NULL,NULL,NULL,NULL,NULL,NULL
OB,19,01,許楸穗,21093,1,2022-03-31 00:00:00.000,XVE1,Y,NULL,NULL,NULL,NULL,20210420,20220331
OB,19,02,連筱慧,21591,2,NULL,XVE3,NULL,NULL,NULL,NULL,NULL,20220804,NULL
OB,19,03,陳秀茹,21466,3,2022-10-27 00:00:00.000,XVE2,Y,NULL,NULL,NULL,NULL,20210420,20221027
OB,18,03,HOT客到期抽案天數,NULL,-75,NULL,NULL,NULL,NULL,NULL,NULL,NULL,NULL,NULL
OB,19,07,張文琪,21838,7,2026-03-01 00:00:00.000,XVE3,Y,NULL,NULL,NULL,NULL,20210501,20260301
OB,19,08,朱碧芬,22040,8,2023-10-13 00:00:00.000,XVE3,Y,NULL,NULL,NULL,NULL,20210501,20231013
OB,19,09,廖宸茵,21730,9,2022-02-25 00:00:00.000,XVE3,Y,NULL,NULL,NULL,NULL,20210501,20220225
OB,19,04,張芳菁,20629,4,2022-10-27 00:00:00.000,XVE3,Y,NULL,NULL,NULL,NULL,20210420,20221027
OB,19,05,陳邠莛,21525,5,2021-07-30 00:00:00.000,XVE3,Y,NULL,NULL,NULL,NULL,20210420,20210730
OB,19,06,蘇逸柔,21837,6,NULL,XVE3,NULL,NULL,NULL,NULL,NULL,20220701,NULL
OB,19,10,簡秀娟,21650,10,NULL,XVE3,NULL,NULL,NULL,NULL,NULL,20210801,NULL
OB,19,11,陳克禹,21835,11,NULL,XVE3,NULL,NULL,NULL,NULL,NULL,20210801,NULL
OB,19,12,鄧曉雲,21953,12,2023-10-02 00:00:00.000,XVE3,Y,NULL,NULL,NULL,NULL,20210801,20231002
OB,19,13,張博淳,22269,13,NULL,XVE3,NULL,NULL,NULL,NULL,NULL,20210801,NULL
OB,19,14,謝淑慧,22306,14,NULL,XVE3,NULL,NULL,NULL,NULL,NULL,20210801,20260505
OB,12,42,重車_新車,18,3,NULL,NULL,NULL,NULL,NULL,NULL,NULL,20210428,20991231
OB,12,43,他牌/機車原融代償,19,3,NULL,NULL,NULL,C,NULL,NULL,NULL,20210428,20991231
OB,12,44,重車_中古車,18,3,NULL,NULL,NULL,NULL,NULL,NULL,NULL,20210428,20991231
OB,12,45,重車_原融,18,3,NULL,NULL,NULL,NULL,NULL,NULL,NULL,20210428,20991231
OB,19,15,鍾季鈁,22262,15,2024-08-16 00:00:00.000,XVE3,Y,NULL,NULL,NULL,NULL,20210901,20240816
OB,19,16,蔡孟玹,22307,16,2023-09-01 00:00:00.000,XVE3,Y,NULL,NULL,NULL,NULL,20220518,20230901
OB,19,17,邱英杰,22271,17,NULL,XVE3,NULL,NULL,NULL,NULL,NULL,20211001,NULL
OB,16,15,YOXI車內廣告,NULL,NULL,NULL,Y,NULL,NULL,NULL,NULL,NULL,20210706,20991231
OB,16,16,客戶關懷,NULL,NULL,NULL,Y,02,NULL,NULL,NULL,NULL,20211116,20991231
OB,16,17,舊客回找,NULL,NULL,NULL,NULL,01,NULL,NULL,NULL,NULL,20220117,20991231
OB,19,18,陳冠豪,22453,18,2024-11-30 00:00:00.000,XVE3,Y,NULL,NULL,NULL,NULL,20220201,20241130
OB,19,19,陳宜杏,22263,19,NULL,XVE3,NULL,NULL,NULL,NULL,NULL,20220225,NULL
OB,19,20,洪瑞宏,22699,20,NULL,XVE3,NULL,NULL,NULL,NULL,NULL,20220413,NULL
OB,16,18,點機成金,NULL,NULL,NULL,Y,NULL,NULL,NULL,NULL,NULL,20220801,20991231
OB,16,19,LINE@,NULL,NULL,NULL,NULL,02,NULL,NULL,NULL,NULL,20220818,20991231
OB,16,20,LINE@催收,NULL,NULL,NULL,Y,NULL,NULL,NULL,NULL,NULL,20220825,20991231
OB,10,XVE5,電銷四,北區電銷3,NULL,NULL,20638,XVE5,20501,13,30005,BDE00,20220831,20240831
OB,22,01,期中(不含當月滿期),期中,NULL,NULL,NULL,NULL,NULL,NULL,NULL,NULL,20220913,20991231
OB,22,02,中結,中結,NULL,NULL,NULL,NULL,NULL,NULL,NULL,NULL,20220913,20991231
OB,22,03,滿期(含當月滿期),當月滿期,NULL,NULL,NULL,NULL,NULL,NULL,NULL,NULL,20220913,20991231
OB,22,04,滿期,滿期,NULL,NULL,NULL,NULL,NULL,NULL,NULL,NULL,20220913,20991231
OB,16,21,iRent引流,NULL,NULL,NULL,Y,02,NULL,NULL,NULL,NULL,20221007,20991231
OB,16,22,輕鬆付貸款申請,NULL,NULL,NULL,Y,02,NULL,NULL,NULL,NULL,20221017,20991231
OB,A1,1,客戶編號,NULL,NULL,NULL,NULL,NULL,NULL,NULL,NULL,NULL,20211101,20991231
OB,A1,2,合約編號,NULL,NULL,NULL,NULL,NULL,NULL,NULL,NULL,NULL,20211101,20991231
OB,A1,3,車號,NULL,NULL,NULL,NULL,NULL,NULL,NULL,NULL,NULL,20211101,20991231
OB,A1,4,連絡電話,NULL,NULL,NULL,NULL,NULL,NULL,NULL,NULL,NULL,20211101,20991231
OB,A2,18,滿期行銷(OB),01,1,NULL,NULL,NULL,NULL,NULL,NULL,NULL,20211101,20991231
OB,A2,40,電銷外部名單,02,2,NULL,NULL,NULL,NULL,NULL,NULL,NULL,20211101,20991231
OB,A2,99,其他,NULL,99,NULL,NULL,NULL,NULL,NULL,NULL,NULL,20211101,20211101
OB,A3,01,客戶來電,NULL,NULL,NULL,NULL,NULL,NULL,NULL,NULL,NULL,20211101,20991231
OB,A3,02,聯絡客戶,NULL,NULL,NULL,NULL,NULL,NULL,NULL,NULL,NULL,20211101,20991231
OB,A3,03,營業處告知,NULL,NULL,NULL,NULL,NULL,NULL,NULL,NULL,NULL,20211101,20991231
OB,A3,04,訪視,NULL,NULL,NULL,NULL,NULL,NULL,NULL,NULL,NULL,20211101,20991231
OB,A3,05,資料記錄,NULL,NULL,NULL,NULL,NULL,NULL,NULL,NULL,NULL,20211101,20991231
OB,A3,06,服務專員,NULL,NULL,NULL,NULL,NULL,NULL,NULL,NULL,NULL,20211101,20991231
OB,A4,01,CALL OUT,NULL,NULL,NULL,NULL,NULL,NULL,NULL,NULL,NULL,20211101,20991231
OB,A4,02,CALL IN,NULL,NULL,NULL,NULL,NULL,NULL,NULL,NULL,NULL,20211101,20991231
OB,A4,06,MSG OUT,NULL,NULL,NULL,NULL,NULL,NULL,NULL,NULL,NULL,20211101,20991231
OB,10,XVE6,中區電銷二處,中區電銷2,NULL,NULL,20716,XVE6,,,30006,BDF00,20230223,20240831
OB,16,23,電催,CS_DELAY,NULL,NULL,Y,NULL,NULL,NULL,NULL,NULL,20240422,20991231
OB,23,01,邱麗琴,22272,1,2024-08-31 00:00:00.000,XVE5,Y,NULL,NULL,NULL,NULL,20240601,20240831
OB,23,02,陳秉奎,22530,2,2024-05-31 00:00:00.000,XVE5,Y,NULL,NULL,NULL,NULL,20240601,20240531
OB,23,03,劉婉怡,22545,3,NULL,XVE5,Y,NULL,NULL,NULL,NULL,20240601,20240831
OB,23,04,王惠君,22675,4,NULL,XVE5,Y,NULL,NULL,NULL,NULL,20240601,20240831
OB,23,05,何姿螢,23293,5,2024-07-12 00:00:00.000,XVE6,Y,NULL,NULL,NULL,NULL,20240601,20240712
OB,23,06,黃映蓁,23368,6,2024-07-12 00:00:00.000,XVE6,Y,NULL,NULL,NULL,NULL,20240601,20240712
OB,23,07,陳夙君,23382,7,NULL,XVE6,Y,NULL,NULL,NULL,NULL,20240601,20240831
OB,23,08,曾羽瑄,23466,8,2024-07-09 00:00:00.000,XVE6,Y,NULL,NULL,NULL,NULL,20240601,20240709
OB,23,09,林莉蓁,23112,9,NULL,XVE5,Y,NULL,NULL,NULL,NULL,20240603,20240831
OB,16,24,催收16+,CS_DELAY,NULL,NULL,Y,NULL,NULL,NULL,NULL,NULL,20240701,20991231
OB,23,10,劉惠芳,22782,10,2024-10-18 00:00:00.000,XVE6,Y,NULL,NULL,NULL,NULL,20240709,20241018
OB,23,11,張家榛,22779,11,2024-09-30 00:00:00.000,XVE6,Y,NULL,NULL,NULL,NULL,20240717,20240930
OB,JF,C03,NULL,NULL,NULL,NULL,NULL,NULL,NULL,NULL,NULL,NULL,NULL,NULL
OB,24,01,XVE1,(02)2276-1511,NULL,NULL,NULL,NULL,NULL,NULL,NULL,NULL,20241001,20991231
OB,24,02,XVE2,(02)2276-1511,NULL,NULL,NULL,NULL,NULL,NULL,NULL,NULL,20241001,20991231
OB,24,03,XVE3,(02)2276-1511,NULL,NULL,NULL,NULL,NULL,NULL,NULL,NULL,20241001,20991231
OB,24,04,XVE4,(02)2276-1511,NULL,NULL,NULL,NULL,NULL,NULL,NULL,NULL,20241001,20991231
OB,25,01,81516,(02)5574-2816,NULL,NULL,21837,NULL,NULL,NULL,NULL,NULL,20241011,20991231
OB,25,02,81519,(02)5574-2819,NULL,NULL,21591,NULL,NULL,NULL,NULL,NULL,20241011,20991231
OB,25,03,81510,(02)5574-2810,NULL,NULL,21650,NULL,NULL,NULL,NULL,NULL,20241011,20991231
OB,25,04,81508,(02)5574-2808,NULL,NULL,21835,NULL,NULL,NULL,NULL,NULL,20241011,20991231
OB,25,05,81512,(02)5574-2906,NULL,NULL,21838,NULL,NULL,NULL,NULL,NULL,20241011,20991231
OB,25,06,81520,(02)5574-2820,NULL,NULL,22263,NULL,NULL,NULL,NULL,NULL,20241011,20991231
OB,25,07,81529,(02)5574-2873,NULL,NULL,22269,NULL,NULL,NULL,NULL,NULL,20241011,20991231
OB,25,08,81525,(02)5574-2825,NULL,NULL,22271,NULL,NULL,NULL,NULL,NULL,20241011,20991231
OB,25,09,81513,(02)5574-2813,NULL,NULL,22306,NULL,NULL,NULL,NULL,NULL,20241011,20991231
OB,25,10,81545,(02)5574-2857,NULL,NULL,22699,NULL,NULL,NULL,NULL,NULL,20241011,20991231
OB,16,25,廣宣舊客回找,NULL,NULL,NULL,NULL,02,NULL,NULL,NULL,NULL,20250501,20991231
OB,16,26,債管CR維繫,CS_DELAY,NULL,NULL,Y,02,NULL,NULL,NULL,NULL,20250507,20991231
OB,16,27,樂活,CS_DELAY,NULL,NULL,Y,01,NULL,NULL,NULL,NULL,20250507,20991231
OB,A2,31,勿行銷,03,10,NULL,NULL,NULL,NULL,NULL,NULL,NULL,20251013,20991231
OB,21,11,等待發送,NULL,NULL,NULL,NULL,NULL,NULL,NULL,NULL,NULL,20211101,20991231
OB,21,12,送達遠傳(等手機回應),NULL,NULL,NULL,NULL,NULL,NULL,NULL,NULL,NULL,20211101,20991231
OB,21,13,送達手機,NULL,NULL,NULL,NULL,NULL,NULL,NULL,NULL,NULL,20211101,20991231
OB,21,15,等待回應(等遠傳回應),NULL,NULL,NULL,NULL,NULL,NULL,NULL,NULL,NULL,20211101,20991231
OB,21,16,傳送至遠傳失敗,NULL,NULL,NULL,NULL,NULL,NULL,NULL,NULL,NULL,20211101,20991231
OB,21,17,傳送至手機失敗,NULL,NULL,NULL,NULL,NULL,NULL,NULL,NULL,NULL,20211101,20991231
OB,21,18,訊息格式錯誤,NULL,NULL,NULL,NULL,NULL,NULL,NULL,NULL,NULL,20211101,20991231
OB,21,31,SYSID長度過長(<=7),NULL,NULL,NULL,NULL,NULL,NULL,NULL,NULL,NULL,20211101,20991231
OB,21,32,DR FLAG錯誤(0/1),NULL,NULL,NULL,NULL,NULL,NULL,NULL,NULL,NULL,20211101,20991231
OB,21,33,語言錯誤,NULL,NULL,NULL,NULL,NULL,NULL,NULL,NULL,NULL,20211101,20991231
OB,21,34,MSISDN格式錯誤,NULL,NULL,NULL,NULL,NULL,NULL,NULL,NULL,NULL,20211101,20991231
OB,21,35,訊息長度過長,NULL,NULL,NULL,NULL,NULL,NULL,NULL,NULL,NULL,20211101,20991231
OB,18,04,本新、他新期中到期抽案天數,NULL,-60,NULL,NULL,NULL,NULL,NULL,NULL,NULL,NULL,NULL
OB,18,05,中結滿期到期抽案天數,NULL,-75,NULL,NULL,NULL,NULL,NULL,NULL,NULL,NULL,NULL
OB,A2,46,附尾付專案,04,9,NULL,NULL,NULL,NULL,NULL,NULL,NULL,20260408,20991231
OB,16,30,尾付專案追蹤,NULL,NULL,NULL,Y,NULL,NULL,NULL,NULL,NULL,20260408,20991231
OB,12,48,3C通訊家電,NULL,NULL,NULL,NULL,NULL,NULL,NULL,NULL,NULL,20260401,20991231
OB,12,49,汽機車改裝保修,NULL,NULL,NULL,NULL,NULL,NULL,NULL,NULL,NULL,20260401,20991231
OB,12,50,設備器材,NULL,NULL,NULL,NULL,NULL,NULL,NULL,NULL,NULL,20260401,20991231
OB,12,51,生活居家,NULL,NULL,NULL,NULL,NULL,NULL,NULL,NULL,NULL,20260401,20991231
OB,12,52,娛樂收藏,NULL,NULL,NULL,NULL,NULL,NULL,NULL,NULL,NULL,20260401,20991231
OB,12,53,B專案(附擔保),NULL,NULL,NULL,NULL,NULL,NULL,NULL,NULL,NULL,20260401,20991231
