A_PRGID,A_USERID,A_SYSDT,U_PRGID,U_USERID,U_SYSDT,PROJECT_WORKYM,LIST_NO,OBDEPTID,OBDEPTNM,RATION
OBA0020,21797,2021-04-27 10:17:46.000,OBA0020,21797,2021-04-27 10:17:46.000,202105,OB202105001,XTC0,南電銷,27.0
OBA0020,21797,2021-04-27 10:17:46.000,OBA0020,21797,2021-04-27 10:17:46.000,202105,OB202105001,XVC0,北電一,34.0
OBA0020,21797,2021-04-27 10:17:46.000,OBA0020,21797,2021-04-27 10:17:46.000,202105,OB202105001,XVE4,中區電銷,26.0
OBA0020,21797,2021-04-27 10:17:46.000,OBA0020,21797,2021-04-27 10:17:46.000,202105,OB202105001,XXC0,北電二,13.0
OBA0020,21797,2021-04-27 10:19:00.000,OBA0020,21797,2021-04-27 10:19:00.000,202105,OB202105004,XTC0,南電銷,0.0
OBA0020,21797,2021-04-27 10:19:00.000,OBA0020,21797,2021-04-27 10:19:00.000,202105,OB202105004,XVC0,北電一,0.0
OBA0020,21797,2021-04-27 10:19:00.000,OBA0020,21797,2021-04-27 10:19:00.000,202105,OB202105004,XVE4,中區電銷,0.0
OBA0020,21797,2021-04-27 10:19:00.000,OBA0020,21797,2021-04-27 10:19:00.000,202105,OB202105004,XXC0,北電二,100.0
OBA0020,21797,2021-04-27 10:19:24.000,OBA0020,21797,2021-04-27 10:19:24.000,202105,OB202105005,XTC0,南電銷,27.0
OBA0020,21797,2021-04-27 10:19:24.000,OBA0020,21797,2021-04-27 10:19:24.000,202105,OB202105005,XVC0,北電一,34.0
OBA0020,21797,2021-04-27 10:19:24.000,OBA0020,21797,2021-04-27 10:19:24.000,202105,OB202105005,XVE4,中區電銷,26.0
OBA0020,21797,2021-04-27 10:19:24.000,OBA0020,21797,2021-04-27 10:19:24.000,202105,OB202105005,XXC0,北電二,13.0
OBA0020,21797,2021-04-27 10:19:45.000,OBA0020,21797,2021-04-27 10:19:45.000,202105,OB202105006,XTC0,南電銷,27.0
OBA0020,21797,2021-04-27 10:19:45.000,OBA0020,21797,2021-04-27 10:19:45.000,202105,OB202105006,XVC0,北電一,34.0
OBA0020,21797,2021-04-27 10:19:45.000,OBA0020,21797,2021-04-27 10:19:45.000,202105,OB202105006,XVE4,中區電銷,26.0
OBA0020,21797,2021-04-27 10:19:45.000,OBA0020,21797,2021-04-27 10:19:45.000,202105,OB202105006,XXC0,北電二,13.0
OBA0020,21797,2021-04-27 10:20:10.000,OBA0020,21797,2021-04-27 10:20:10.000,202105,OB202105007,XTC0,南電銷,27.0
OBA0020,21797,2021-04-27 10:20:10.000,OBA0020,21797,2021-04-27 10:20:10.000,202105,OB202105007,XVC0,北電一,34.0
OBA0020,21797,2021-04-27 10:20:10.000,OBA0020,21797,2021-04-27 10:20:10.000,202105,OB202105007,XVE4,中區電銷,26.0
OBA0020,21797,2021-04-27 10:20:10.000,OBA0020,21797,2021-04-27 10:20:10.000,202105,OB202105007,XXC0,北電二,13.0
OBA0020,21797,2021-04-27 10:20:41.000,OBA0020,21797,2021-04-27 10:20:41.000,202105,OB202105008,XTC0,南電銷,27.0
OBA0020,21797,2021-04-27 10:20:41.000,OBA0020,21797,2021-04-27 10:20:41.000,202105,OB202105008,XVC0,北電一,34.0
OBA0020,21797,2021-04-27 10:20:41.000,OBA0020,21797,2021-04-27 10:20:41.000,202105,OB202105008,XVE4,中區電銷,26.0
OBA0020,21797,2021-04-27 10:20:41.000,OBA0020,21797,2021-04-27 10:20:41.000,202105,OB202105008,XXC0,北電二,13.0
OBA0020,21797,2021-04-27 10:21:09.000,OBA0020,21797,2021-04-27 10:21:09.000,202105,OB202105009,XTC0,南電銷,0.0
OBA0020,21797,2021-04-27 10:21:09.000,OBA0020,21797,2021-04-27 10:21:09.000,202105,OB202105009,XVC0,北電一,0.0
OBA0020,21797,2021-04-27 10:21:09.000,OBA0020,21797,2021-04-27 10:21:09.000,202105,OB202105009,XVE4,中區電銷,0.0
OBA0020,21797,2021-04-27 10:21:09.000,OBA0020,21797,2021-04-27 10:21:09.000,202105,OB202105009,XXC0,北電二,100.0
OBA0020,21797,2021-07-27 09:01:53.000,OBA0020,21797,2021-07-27 09:01:53.000,202108,OB202108001,XVE1,北電一,44.0
OBA0020,21797,2021-07-27 09:01:53.000,OBA0020,21797,2021-07-27 09:01:53.000,202108,OB202108001,XVE2,南電銷,25.0
OBA0020,21797,2021-07-27 09:01:53.000,OBA0020,21797,2021-07-27 09:01:53.000,202108,OB202108001,XVE3,北電二,0.0
OBA0020,21797,2021-07-27 09:01:53.000,OBA0020,21797,2021-07-27 09:01:53.000,202108,OB202108001,XVE4,中區電銷,31.0
OBA0020,21797,2021-07-27 09:08:42.000,OBA0020,21797,2021-07-27 09:08:42.000,202108,OB202108002,XVE1,北電一,0.0
OBA0020,21797,2021-07-27 09:08:42.000,OBA0020,21797,2021-07-27 09:08:42.000,202108,OB202108002,XVE2,南電銷,0.0
OBA0020,21797,2021-07-27 09:08:42.000,OBA0020,21797,2021-07-27 09:08:42.000,202108,OB202108002,XVE3,北電二,100.0
OBA0020,21797,2021-07-27 09:08:42.000,OBA0020,21797,2021-07-27 09:08:42.000,202108,OB202108002,XVE4,中區電銷,0.0
OBA0020,21797,2021-07-27 09:01:36.000,OBA0020,21797,2021-07-27 09:01:36.000,202108,OB202108003,XVE1,北電一,44.0
OBA0020,21797,2021-07-27 09:01:36.000,OBA0020,21797,2021-07-27 09:01:36.000,202108,OB202108003,XVE2,南電銷,25.0
OBA0020,21797,2021-07-27 09:01:36.000,OBA0020,21797,2021-07-27 09:01:36.000,202108,OB202108003,XVE3,北電二,0.0
OBA0020,21797,2021-07-27 09:01:36.000,OBA0020,21797,2021-07-27 09:01:36.000,202108,OB202108003,XVE4,中區電銷,31.0
OBA0020,21797,2021-07-27 09:01:20.000,OBA0020,21797,2021-07-27 09:01:20.000,202108,OB202108004,XVE1,北電一,44.0
OBA0020,21797,2021-07-27 09:01:20.000,OBA0020,21797,2021-07-27 09:01:20.000,202108,OB202108004,XVE2,南電銷,25.0
OBA0020,21797,2021-07-27 09:01:20.000,OBA0020,21797,2021-07-27 09:01:20.000,202108,OB202108004,XVE3,北電二,0.0
OBA0020,21797,2021-07-27 09:01:20.000,OBA0020,21797,2021-07-27 09:01:20.000,202108,OB202108004,XVE4,中區電銷,31.0
OBA0020,21797,2021-07-27 09:00:59.000,OBA0020,21797,2021-07-27 09:00:59.000,202108,OB202108005,XVE1,北電一,44.0
OBA0020,21797,2021-07-27 09:00:59.000,OBA0020,21797,2021-07-27 09:00:59.000,202108,OB202108005,XVE2,南電銷,25.0
OBA0020,21797,2021-07-27 09:00:59.000,OBA0020,21797,2021-07-27 09:00:59.000,202108,OB202108005,XVE3,北電二,0.0
OBA0020,21797,2021-07-27 09:00:59.000,OBA0020,21797,2021-07-27 09:00:59.000,202108,OB202108005,XVE4,中區電銷,31.0
OBA0020,21797,2021-07-27 08:59:36.000,OBA0020,21797,2021-07-27 08:59:36.000,202108,OB202108006,XVE1,北電一,44.0
OBA0020,21797,2021-07-27 08:59:36.000,OBA0020,21797,2021-07-27 08:59:36.000,202108,OB202108006,XVE2,南電銷,25.0
OBA0020,21797,2021-07-27 08:59:36.000,OBA0020,21797,2021-07-27 08:59:36.000,202108,OB202108006,XVE3,北電二,0.0
OBA0020,21797,2021-07-27 08:59:36.000,OBA0020,21797,2021-07-27 08:59:36.000,202108,OB202108006,XVE4,中區電銷,31.0
OBA0020,21797,2021-07-27 09:07:03.000,OBA0020,21797,2021-07-27 09:07:03.000,202108,OB202108007,XVE1,北電一,0.0
OBA0020,21797,2021-07-27 09:07:03.000,OBA0020,21797,2021-07-27 09:07:03.000,202108,OB202108007,XVE2,南電銷,0.0
OBA0020,21797,2021-07-27 09:07:03.000,OBA0020,21797,2021-07-27 09:07:03.000,202108,OB202108007,XVE3,北電二,100.0
OBA0020,21797,2021-07-27 09:07:03.000,OBA0020,21797,2021-07-27 09:07:03.000,202108,OB202108007,XVE4,中區電銷,0.0
OBA0020,21797,2021-08-31 09:42:11.000,OBA0020,21797,2021-08-31 09:42:11.000,202109,OB202109001,XVE1,北電一,42.0
OBA0020,21797,2021-08-31 09:42:11.000,OBA0020,21797,2021-08-31 09:42:11.000,202109,OB202109001,XVE2,南電銷,26.0
OBA0020,21797,2021-08-31 09:42:11.000,OBA0020,21797,2021-08-31 09:42:11.000,202109,OB202109001,XVE3,北電二,0.0
OBA0020,21797,2021-08-31 09:42:11.000,OBA0020,21797,2021-08-31 09:42:11.000,202109,OB202109001,XVE4,中區電銷,32.0
OBA0020,21797,2021-08-27 18:27:04.000,OBA0020,21797,2021-08-27 18:27:04.000,202109,OB202109002,XVE1,北電一,0.0
OBA0020,21797,2021-08-27 18:27:04.000,OBA0020,21797,2021-08-27 18:27:04.000,202109,OB202109002,XVE2,南電銷,0.0
OBA0020,21797,2021-08-27 18:27:04.000,OBA0020,21797,2021-08-27 18:27:04.000,202109,OB202109002,XVE3,北電二,100.0
OBA0020,21797,2021-08-27 18:27:04.000,OBA0020,21797,2021-08-27 18:27:04.000,202109,OB202109002,XVE4,中區電銷,0.0
OBA0020,21797,2021-08-31 09:45:47.000,OBA0020,21797,2021-08-31 09:45:47.000,202109,OB202109003,XVE1,北電一,42.0
OBA0020,21797,2021-08-31 09:45:47.000,OBA0020,21797,2021-08-31 09:45:47.000,202109,OB202109003,XVE2,南電銷,26.0
OBA0020,21797,2021-08-31 09:45:47.000,OBA0020,21797,2021-08-31 09:45:47.000,202109,OB202109003,XVE3,北電二,0.0
OBA0020,21797,2021-08-31 09:45:47.000,OBA0020,21797,2021-08-31 09:45:47.000,202109,OB202109003,XVE4,中區電銷,32.0
OBA0020,21797,2021-08-31 09:45:07.000,OBA0020,21797,2021-08-31 09:45:07.000,202109,OB202109004,XVE1,北電一,42.0
OBA0020,21797,2021-08-31 09:45:07.000,OBA0020,21797,2021-08-31 09:45:07.000,202109,OB202109004,XVE2,南電銷,26.0
OBA0020,21797,2021-08-31 09:45:07.000,OBA0020,21797,2021-08-31 09:45:07.000,202109,OB202109004,XVE3,北電二,0.0
OBA0020,21797,2021-08-31 09:45:07.000,OBA0020,21797,2021-08-31 09:45:07.000,202109,OB202109004,XVE4,中區電銷,32.0
OBA0020,21797,2021-08-31 09:44:37.000,OBA0020,21797,2021-08-31 09:44:37.000,202109,OB202109005,XVE1,北電一,42.0
OBA0020,21797,2021-08-31 09:44:37.000,OBA0020,21797,2021-08-31 09:44:37.000,202109,OB202109005,XVE2,南電銷,26.0
OBA0020,21797,2021-08-31 09:44:37.000,OBA0020,21797,2021-08-31 09:44:37.000,202109,OB202109005,XVE3,北電二,0.0
OBA0020,21797,2021-08-31 09:44:37.000,OBA0020,21797,2021-08-31 09:44:37.000,202109,OB202109005,XVE4,中區電銷,32.0
OBA0020,21797,2021-08-31 09:43:26.000,OBA0020,21797,2021-08-31 09:43:26.000,202109,OB202109006,XVE1,北電一,42.0
OBA0020,21797,2021-08-31 09:43:26.000,OBA0020,21797,2021-08-31 09:43:26.000,202109,OB202109006,XVE2,南電銷,26.0
OBA0020,21797,2021-08-31 09:43:26.000,OBA0020,21797,2021-08-31 09:43:26.000,202109,OB202109006,XVE3,北電二,0.0
OBA0020,21797,2021-08-31 09:43:26.000,OBA0020,21797,2021-08-31 09:43:26.000,202109,OB202109006,XVE4,中區電銷,32.0
OBA0020,21797,2021-08-27 18:28:42.000,OBA0020,21797,2021-08-27 18:28:42.000,202109,OB202109007,XVE1,北電一,42.0
OBA0020,21797,2021-08-27 18:28:42.000,OBA0020,21797,2021-08-27 18:28:42.000,202109,OB202109007,XVE2,南電銷,26.0
OBA0020,21797,2021-08-27 18:28:42.000,OBA0020,21797,2021-08-27 18:28:42.000,202109,OB202109007,XVE3,北電二,0.0
OBA0020,21797,2021-08-27 18:28:42.000,OBA0020,21797,2021-08-27 18:28:42.000,202109,OB202109007,XVE4,中區電銷,32.0
OBA0020,21797,2021-09-28 10:53:58.000,OBA0020,21797,2021-09-28 10:53:58.000,202110,OB202110001,XVE1,北區電銷1,38.0
OBA0020,21797,2021-09-28 10:53:58.000,OBA0020,21797,2021-09-28 10:53:58.000,202110,OB202110001,XVE2,南區電銷,29.0
OBA0020,21797,2021-09-28 10:53:58.000,OBA0020,21797,2021-09-28 10:53:58.000,202110,OB202110001,XVE3,北區電銷2,0.0
OBA0020,21797,2021-09-28 10:53:58.000,OBA0020,21797,2021-09-28 10:53:58.000,202110,OB202110001,XVE4,中區電銷,33.0
OBA0020,21797,2021-09-28 10:24:33.303,OBA0020,21797,2021-09-28 10:24:33.303,202110,OB202110002,XVE1,北區電銷1,0.0
OBA0020,21797,2021-09-28 10:24:33.303,OBA0020,21797,2021-09-28 10:24:33.303,202110,OB202110002,XVE2,南區電銷,0.0
OBA0020,21797,2021-09-28 10:24:33.303,OBA0020,21797,2021-09-28 10:24:33.303,202110,OB202110002,XVE3,北區電銷2,100.0
OBA0020,21797,2021-09-28 10:24:33.303,OBA0020,21797,2021-09-28 10:24:33.303,202110,OB202110002,XVE4,中區電銷,0.0
OBA0020,21797,2021-09-28 10:54:36.000,OBA0020,21797,2021-09-28 10:54:36.000,202110,OB202110003,XVE1,北區電銷1,38.0
OBA0020,21797,2021-09-28 10:54:36.000,OBA0020,21797,2021-09-28 10:54:36.000,202110,OB202110003,XVE2,南區電銷,29.0
OBA0020,21797,2021-09-28 10:54:36.000,OBA0020,21797,2021-09-28 10:54:36.000,202110,OB202110003,XVE3,北區電銷2,0.0
OBA0020,21797,2021-09-28 10:54:36.000,OBA0020,21797,2021-09-28 10:54:36.000,202110,OB202110003,XVE4,中區電銷,33.0
OBA0020,21797,2021-09-28 10:55:14.000,OBA0020,21797,2021-09-28 10:55:14.000,202110,OB202110004,XVE1,北區電銷1,38.0
OBA0020,21797,2021-09-28 10:55:14.000,OBA0020,21797,2021-09-28 10:55:14.000,202110,OB202110004,XVE2,南區電銷,29.0
OBA0020,21797,2021-09-28 10:55:14.000,OBA0020,21797,2021-09-28 10:55:14.000,202110,OB202110004,XVE3,北區電銷2,0.0
OBA0020,21797,2021-09-28 10:55:14.000,OBA0020,21797,2021-09-28 10:55:14.000,202110,OB202110004,XVE4,中區電銷,33.0
OBA0020,21797,2021-09-28 10:55:46.000,OBA0020,21797,2021-09-28 10:55:46.000,202110,OB202110005,XVE1,北區電銷1,38.0
OBA0020,21797,2021-09-28 10:55:46.000,OBA0020,21797,2021-09-28 10:55:46.000,202110,OB202110005,XVE2,南區電銷,29.0
OBA0020,21797,2021-09-28 10:55:46.000,OBA0020,21797,2021-09-28 10:55:46.000,202110,OB202110005,XVE3,北區電銷2,0.0
OBA0020,21797,2021-09-28 10:55:46.000,OBA0020,21797,2021-09-28 10:55:46.000,202110,OB202110005,XVE4,中區電銷,33.0
OBA0020,21797,2021-09-28 10:56:14.000,OBA0020,21797,2021-09-28 10:56:14.000,202110,OB202110006,XVE1,北區電銷1,38.0
OBA0020,21797,2021-09-28 10:56:14.000,OBA0020,21797,2021-09-28 10:56:14.000,202110,OB202110006,XVE2,南區電銷,29.0
OBA0020,21797,2021-09-28 10:56:14.000,OBA0020,21797,2021-09-28 10:56:14.000,202110,OB202110006,XVE3,北區電銷2,0.0
OBA0020,21797,2021-09-28 10:56:14.000,OBA0020,21797,2021-09-28 10:56:14.000,202110,OB202110006,XVE4,中區電銷,33.0
OBA0020,21797,2021-09-28 10:24:03.000,OBA0020,21797,2021-09-28 10:24:03.000,202110,OB202110007,XVE1,北區電銷1,0.0
OBA0020,21797,2021-09-28 10:24:03.000,OBA0020,21797,2021-09-28 10:24:03.000,202110,OB202110007,XVE2,南區電銷,0.0
OBA0020,21797,2021-09-28 10:24:03.000,OBA0020,21797,2021-09-28 10:24:03.000,202110,OB202110007,XVE3,北區電銷2,100.0
OBA0020,21797,2021-09-28 10:24:03.000,OBA0020,21797,2021-09-28 10:24:03.000,202110,OB202110007,XVE4,中區電銷,0.0
OBA0020,21797,2021-10-26 11:06:43.000,OBA0020,21797,2021-10-26 11:06:43.000,202111,OB202111001,XVE1,北區電銷1,37.0
OBA0020,21797,2021-10-26 11:06:43.000,OBA0020,21797,2021-10-26 11:06:43.000,202111,OB202111001,XVE2,南區電銷,31.0
OBA0020,21797,2021-10-26 11:06:43.000,OBA0020,21797,2021-10-26 11:06:43.000,202111,OB202111001,XVE3,北區電銷2,0.0
OBA0020,21797,2021-10-26 11:06:43.000,OBA0020,21797,2021-10-26 11:06:43.000,202111,OB202111001,XVE4,中區電銷,32.0
OBA0020,21797,2021-10-26 15:10:39.000,OBA0020,21797,2021-10-26 15:10:39.000,202111,OB202111002,XVE1,北區電銷1,0.0
OBA0020,21797,2021-10-26 15:10:39.000,OBA0020,21797,2021-10-26 15:10:39.000,202111,OB202111002,XVE2,南區電銷,0.0
OBA0020,21797,2021-10-26 15:10:39.000,OBA0020,21797,2021-10-26 15:10:39.000,202111,OB202111002,XVE3,北區電銷2,100.0
OBA0020,21797,2021-10-26 15:10:39.000,OBA0020,21797,2021-10-26 15:10:39.000,202111,OB202111002,XVE4,中區電銷,0.0
OBA0020,21797,2021-10-26 11:07:52.000,OBA0020,21797,2021-10-26 11:07:52.000,202111,OB202111003,XVE1,北區電銷1,37.0
OBA0020,21797,2021-10-26 11:07:52.000,OBA0020,21797,2021-10-26 11:07:52.000,202111,OB202111003,XVE2,南區電銷,31.0
OBA0020,21797,2021-10-26 11:07:52.000,OBA0020,21797,2021-10-26 11:07:52.000,202111,OB202111003,XVE3,北區電銷2,0.0
OBA0020,21797,2021-10-26 11:07:52.000,OBA0020,21797,2021-10-26 11:07:52.000,202111,OB202111003,XVE4,中區電銷,32.0
OBA0020,21797,2021-10-26 11:08:28.000,OBA0020,21797,2021-10-26 11:08:28.000,202111,OB202111004,XVE1,北區電銷1,37.0
OBA0020,21797,2021-10-26 11:08:28.000,OBA0020,21797,2021-10-26 11:08:28.000,202111,OB202111004,XVE2,南區電銷,31.0
OBA0020,21797,2021-10-26 11:08:28.000,OBA0020,21797,2021-10-26 11:08:28.000,202111,OB202111004,XVE3,北區電銷2,0.0
OBA0020,21797,2021-10-26 11:08:28.000,OBA0020,21797,2021-10-26 11:08:28.000,202111,OB202111004,XVE4,中區電銷,32.0
OBA0020,21797,2021-10-26 11:09:06.000,OBA0020,21797,2021-10-26 11:09:06.000,202111,OB202111005,XVE1,北區電銷1,37.0
OBA0020,21797,2021-10-26 11:09:06.000,OBA0020,21797,2021-10-26 11:09:06.000,202111,OB202111005,XVE2,南區電銷,31.0
OBA0020,21797,2021-10-26 11:09:06.000,OBA0020,21797,2021-10-26 11:09:06.000,202111,OB202111005,XVE3,北區電銷2,0.0
OBA0020,21797,2021-10-26 11:09:06.000,OBA0020,21797,2021-10-26 11:09:06.000,202111,OB202111005,XVE4,中區電銷,32.0
OBA0020,21797,2021-10-26 11:10:07.000,OBA0020,21797,2021-10-26 11:10:07.000,202111,OB202111006,XVE1,北區電銷1,37.0
OBA0020,21797,2021-10-26 11:10:07.000,OBA0020,21797,2021-10-26 11:10:07.000,202111,OB202111006,XVE2,南區電銷,31.0
OBA0020,21797,2021-10-26 11:10:07.000,OBA0020,21797,2021-10-26 11:10:07.000,202111,OB202111006,XVE3,北區電銷2,0.0
OBA0020,21797,2021-10-26 11:10:07.000,OBA0020,21797,2021-10-26 11:10:07.000,202111,OB202111006,XVE4,中區電銷,32.0
OBA0020,21797,2021-10-26 15:09:33.000,OBA0020,21797,2021-10-26 15:09:33.000,202111,OB202111007,XVE1,北區電銷1,0.0
OBA0020,21797,2021-10-26 15:09:33.000,OBA0020,21797,2021-10-26 15:09:33.000,202111,OB202111007,XVE2,南區電銷,0.0
OBA0020,21797,2021-10-26 15:09:33.000,OBA0020,21797,2021-10-26 15:09:33.000,202111,OB202111007,XVE3,北區電銷2,100.0
OBA0020,21797,2021-10-26 15:09:33.000,OBA0020,21797,2021-10-26 15:09:33.000,202111,OB202111007,XVE4,中區電銷,0.0
OBA0020,21797,2021-11-29 11:07:07.000,OBA0020,21797,2021-11-29 11:07:07.000,202112,OB202112001,XVE1,北區電銷1,37.0
OBA0020,21797,2021-11-29 11:07:07.000,OBA0020,21797,2021-11-29 11:07:07.000,202112,OB202112001,XVE2,南區電銷,31.0
OBA0020,21797,2021-11-29 11:07:07.000,OBA0020,21797,2021-11-29 11:07:07.000,202112,OB202112001,XVE3,北區電銷2,0.0
OBA0020,21797,2021-11-29 11:07:07.000,OBA0020,21797,2021-11-29 11:07:07.000,202112,OB202112001,XVE4,中區電銷,32.0
OBA0020,21797,2021-11-29 11:11:47.000,OBA0020,21797,2021-11-29 11:11:47.000,202112,OB202112002,XVE1,北區電銷1,0.0
OBA0020,21797,2021-11-29 11:11:47.000,OBA0020,21797,2021-11-29 11:11:47.000,202112,OB202112002,XVE2,南區電銷,0.0
OBA0020,21797,2021-11-29 11:11:47.000,OBA0020,21797,2021-11-29 11:11:47.000,202112,OB202112002,XVE3,北區電銷2,100.0
OBA0020,21797,2021-11-29 11:11:47.000,OBA0020,21797,2021-11-29 11:11:47.000,202112,OB202112002,XVE4,中區電銷,0.0
OBA0020,21797,2021-11-29 11:19:33.000,OBA0020,21797,2021-11-29 11:19:33.000,202112,OB202112003,XVE1,北區電銷1,37.0
OBA0020,21797,2021-11-29 11:19:33.000,OBA0020,21797,2021-11-29 11:19:33.000,202112,OB202112003,XVE2,南區電銷,31.0
OBA0020,21797,2021-11-29 11:19:33.000,OBA0020,21797,2021-11-29 11:19:33.000,202112,OB202112003,XVE3,北區電銷2,0.0
OBA0020,21797,2021-11-29 11:19:33.000,OBA0020,21797,2021-11-29 11:19:33.000,202112,OB202112003,XVE4,中區電銷,32.0
OBA0020,21797,2021-11-29 11:29:48.000,OBA0020,21797,2021-11-29 11:29:48.000,202112,OB202112004,XVE1,北區電銷1,37.0
OBA0020,21797,2021-11-29 11:29:48.000,OBA0020,21797,2021-11-29 11:29:48.000,202112,OB202112004,XVE2,南區電銷,31.0
OBA0020,21797,2021-11-29 11:29:48.000,OBA0020,21797,2021-11-29 11:29:48.000,202112,OB202112004,XVE3,北區電銷2,0.0
OBA0020,21797,2021-11-29 11:29:48.000,OBA0020,21797,2021-11-29 11:29:48.000,202112,OB202112004,XVE4,中區電銷,32.0
OBA0020,21797,2021-11-29 11:30:33.000,OBA0020,21797,2021-11-29 11:30:33.000,202112,OB202112005,XVE1,北區電銷1,37.0
OBA0020,21797,2021-11-29 11:30:33.000,OBA0020,21797,2021-11-29 11:30:33.000,202112,OB202112005,XVE2,南區電銷,31.0
OBA0020,21797,2021-11-29 11:30:33.000,OBA0020,21797,2021-11-29 11:30:33.000,202112,OB202112005,XVE3,北區電銷2,0.0
OBA0020,21797,2021-11-29 11:30:33.000,OBA0020,21797,2021-11-29 11:30:33.000,202112,OB202112005,XVE4,中區電銷,32.0
OBA0020,21797,2021-11-29 11:31:57.000,OBA0020,21797,2021-11-29 11:31:57.000,202112,OB202112006,XVE1,北區電銷1,37.0
OBA0020,21797,2021-11-29 11:31:57.000,OBA0020,21797,2021-11-29 11:31:57.000,202112,OB202112006,XVE2,南區電銷,31.0
OBA0020,21797,2021-11-29 11:31:57.000,OBA0020,21797,2021-11-29 11:31:57.000,202112,OB202112006,XVE3,北區電銷2,0.0
OBA0020,21797,2021-11-29 11:31:57.000,OBA0020,21797,2021-11-29 11:31:57.000,202112,OB202112006,XVE4,中區電銷,32.0
OBA0020,21797,2021-11-29 11:32:28.000,OBA0020,21797,2021-11-29 11:32:28.000,202112,OB202112007,XVE1,北區電銷1,0.0
OBA0020,21797,2021-11-29 11:32:28.000,OBA0020,21797,2021-11-29 11:32:28.000,202112,OB202112007,XVE2,南區電銷,0.0
OBA0020,21797,2021-11-29 11:32:28.000,OBA0020,21797,2021-11-29 11:32:28.000,202112,OB202112007,XVE3,北區電銷2,100.0
OBA0020,21797,2021-11-29 11:32:28.000,OBA0020,21797,2021-11-29 11:32:28.000,202112,OB202112007,XVE4,中區電銷,0.0
OBA0020,21797,2021-12-29 08:43:10.000,OBA0020,21797,2021-12-29 08:43:10.000,202201,OB202201001,XVE1,北區電銷1,41.0
OBA0020,21797,2021-12-29 08:43:10.000,OBA0020,21797,2021-12-29 08:43:10.000,202201,OB202201001,XVE2,南區電銷,28.0
OBA0020,21797,2021-12-29 08:43:10.000,OBA0020,21797,2021-12-29 08:43:10.000,202201,OB202201001,XVE3,北區電銷2,0.0
OBA0020,21797,2021-12-29 08:43:10.000,OBA0020,21797,2021-12-29 08:43:10.000,202201,OB202201001,XVE4,中區電銷,31.0
OBA0020,21797,2021-12-27 15:47:54.000,OBA0020,21797,2021-12-27 15:47:54.000,202201,OB202201002,XVE1,北區電銷1,0.0
OBA0020,21797,2021-12-27 15:47:54.000,OBA0020,21797,2021-12-27 15:47:54.000,202201,OB202201002,XVE2,南區電銷,0.0
OBA0020,21797,2021-12-27 15:47:54.000,OBA0020,21797,2021-12-27 15:47:54.000,202201,OB202201002,XVE3,北區電銷2,100.0
OBA0020,21797,2021-12-27 15:47:54.000,OBA0020,21797,2021-12-27 15:47:54.000,202201,OB202201002,XVE4,中區電銷,0.0
OBA0020,21797,2021-12-24 09:44:51.000,OBA0020,21797,2021-12-24 09:44:51.000,202201,OB202201003,XVE1,北區電銷1,43.0
OBA0020,21797,2021-12-24 09:44:51.000,OBA0020,21797,2021-12-24 09:44:51.000,202201,OB202201003,XVE2,南區電銷,26.0
OBA0020,21797,2021-12-24 09:44:51.000,OBA0020,21797,2021-12-24 09:44:51.000,202201,OB202201003,XVE3,北區電銷2,1.0
OBA0020,21797,2021-12-24 09:44:51.000,OBA0020,21797,2021-12-24 09:44:51.000,202201,OB202201003,XVE4,中區電銷,30.0
OBA0020,21797,2021-12-24 09:42:58.000,OBA0020,21797,2021-12-24 09:42:58.000,202201,OB202201004,XVE1,北區電銷1,43.0
OBA0020,21797,2021-12-24 09:42:58.000,OBA0020,21797,2021-12-24 09:42:58.000,202201,OB202201004,XVE2,南區電銷,26.0
OBA0020,21797,2021-12-24 09:42:58.000,OBA0020,21797,2021-12-24 09:42:58.000,202201,OB202201004,XVE3,北區電銷2,1.0
OBA0020,21797,2021-12-24 09:42:58.000,OBA0020,21797,2021-12-24 09:42:58.000,202201,OB202201004,XVE4,中區電銷,30.0
OBA0020,21797,2021-12-24 09:42:25.000,OBA0020,21797,2021-12-24 09:42:25.000,202201,OB202201005,XVE1,北區電銷1,43.0
OBA0020,21797,2021-12-24 09:42:25.000,OBA0020,21797,2021-12-24 09:42:25.000,202201,OB202201005,XVE2,南區電銷,26.0
OBA0020,21797,2021-12-24 09:42:25.000,OBA0020,21797,2021-12-24 09:42:25.000,202201,OB202201005,XVE3,北區電銷2,1.0
OBA0020,21797,2021-12-24 09:42:25.000,OBA0020,21797,2021-12-24 09:42:25.000,202201,OB202201005,XVE4,中區電銷,30.0
OBA0020,21797,2021-12-24 09:42:10.000,OBA0020,21797,2021-12-24 09:42:10.000,202201,OB202201006,XVE1,北區電銷1,43.0
OBA0020,21797,2021-12-24 09:42:10.000,OBA0020,21797,2021-12-24 09:42:10.000,202201,OB202201006,XVE2,南區電銷,26.0
OBA0020,21797,2021-12-24 09:42:10.000,OBA0020,21797,2021-12-24 09:42:10.000,202201,OB202201006,XVE3,北區電銷2,1.0
OBA0020,21797,2021-12-24 09:42:10.000,OBA0020,21797,2021-12-24 09:42:10.000,202201,OB202201006,XVE4,中區電銷,30.0
OBA0020,21797,2021-12-29 08:41:46.000,OBA0020,21797,2021-12-29 08:41:46.000,202201,OB202201011,XVE1,北區電銷1,0.0
OBA0020,21797,2021-12-29 08:41:46.000,OBA0020,21797,2021-12-29 08:41:46.000,202201,OB202201011,XVE2,南區電銷,0.0
OBA0020,21797,2021-12-29 08:41:46.000,OBA0020,21797,2021-12-29 08:41:46.000,202201,OB202201011,XVE3,北區電銷2,100.0
OBA0020,21797,2021-12-29 08:41:46.000,OBA0020,21797,2021-12-29 08:41:46.000,202201,OB202201011,XVE4,中區電銷,0.0
OBA0020,21797,2021-12-29 08:39:26.000,OBA0020,21797,2021-12-29 08:39:26.000,202201,OB202201012,XVE1,北區電銷1,41.0
OBA0020,21797,2021-12-29 08:39:26.000,OBA0020,21797,2021-12-29 08:39:26.000,202201,OB202201012,XVE2,南區電銷,28.0
OBA0020,21797,2021-12-29 08:39:26.000,OBA0020,21797,2021-12-29 08:39:26.000,202201,OB202201012,XVE3,北區電銷2,0.0
OBA0020,21797,2021-12-29 08:39:26.000,OBA0020,21797,2021-12-29 08:39:26.000,202201,OB202201012,XVE4,中區電銷,31.0
OBA0020,21797,2021-12-29 08:38:42.000,OBA0020,21797,2021-12-29 08:38:42.000,202201,OB202201013,XVE1,北區電銷1,41.0
OBA0020,21797,2021-12-29 08:38:42.000,OBA0020,21797,2021-12-29 08:38:42.000,202201,OB202201013,XVE2,南區電銷,28.0
OBA0020,21797,2021-12-29 08:38:42.000,OBA0020,21797,2021-12-29 08:38:42.000,202201,OB202201013,XVE3,北區電銷2,0.0
OBA0020,21797,2021-12-29 08:38:42.000,OBA0020,21797,2021-12-29 08:38:42.000,202201,OB202201013,XVE4,中區電銷,31.0
OBA0020,21797,2021-12-29 08:38:04.000,OBA0020,21797,2021-12-29 08:38:04.000,202201,OB202201014,XVE1,北區電銷1,41.0
OBA0020,21797,2021-12-29 08:38:04.000,OBA0020,21797,2021-12-29 08:38:04.000,202201,OB202201014,XVE2,南區電銷,28.0
OBA0020,21797,2021-12-29 08:38:04.000,OBA0020,21797,2021-12-29 08:38:04.000,202201,OB202201014,XVE3,北區電銷2,0.0
OBA0020,21797,2021-12-29 08:38:04.000,OBA0020,21797,2021-12-29 08:38:04.000,202201,OB202201014,XVE4,中區電銷,31.0
OBA0020,21797,2021-12-29 08:37:12.000,OBA0020,21797,2021-12-29 08:37:12.000,202201,OB202201015,XVE1,北區電銷1,41.0
OBA0020,21797,2021-12-29 08:37:12.000,OBA0020,21797,2021-12-29 08:37:12.000,202201,OB202201015,XVE2,南區電銷,28.0
OBA0020,21797,2021-12-29 08:37:12.000,OBA0020,21797,2021-12-29 08:37:12.000,202201,OB202201015,XVE3,北區電銷2,0.0
OBA0020,21797,2021-12-29 08:37:12.000,OBA0020,21797,2021-12-29 08:37:12.000,202201,OB202201015,XVE4,中區電銷,31.0
OBA0020,21797,2022-01-27 08:20:33.000,OBA0020,21797,2022-01-27 08:20:33.000,202202,OB202202001,XVE1,北區電銷1,40.0
OBA0020,21797,2022-01-27 08:20:33.000,OBA0020,21797,2022-01-27 08:20:33.000,202202,OB202202001,XVE2,南區電銷,25.0
OBA0020,21797,2022-01-27 08:20:33.000,OBA0020,21797,2022-01-27 08:20:33.000,202202,OB202202001,XVE3,北區電銷2,10.0
OBA0020,21797,2022-01-27 08:20:33.000,OBA0020,21797,2022-01-27 08:20:33.000,202202,OB202202001,XVE4,中區電銷,25.0
OBA0020,21797,2022-01-25 14:04:54.000,OBA0020,21797,2022-01-25 14:04:54.000,202202,OB202202002,XVE1,北區電銷1,0.0
OBA0020,21797,2022-01-25 14:04:54.000,OBA0020,21797,2022-01-25 14:04:54.000,202202,OB202202002,XVE2,南區電銷,0.0
OBA0020,21797,2022-01-25 14:04:54.000,OBA0020,21797,2022-01-25 14:04:54.000,202202,OB202202002,XVE3,北區電銷2,100.0
OBA0020,21797,2022-01-25 14:04:54.000,OBA0020,21797,2022-01-25 14:04:54.000,202202,OB202202002,XVE4,中區電銷,0.0
OBA0020,21797,2022-01-25 14:05:44.000,OBA0020,21797,2022-01-25 14:05:44.000,202202,OB202202003,XVE1,北區電銷1,0.0
OBA0020,21797,2022-01-25 14:05:44.000,OBA0020,21797,2022-01-25 14:05:44.000,202202,OB202202003,XVE2,南區電銷,0.0
OBA0020,21797,2022-01-25 14:05:44.000,OBA0020,21797,2022-01-25 14:05:44.000,202202,OB202202003,XVE3,北區電銷2,100.0
OBA0020,21797,2022-01-25 14:05:44.000,OBA0020,21797,2022-01-25 14:05:44.000,202202,OB202202003,XVE4,中區電銷,0.0
OBA0020,21797,2022-01-27 08:19:20.000,OBA0020,21797,2022-01-27 08:19:20.000,202202,OB202202004,XVE1,北區電銷1,40.0
OBA0020,21797,2022-01-27 08:19:20.000,OBA0020,21797,2022-01-27 08:19:20.000,202202,OB202202004,XVE2,南區電銷,25.0
OBA0020,21797,2022-01-27 08:19:20.000,OBA0020,21797,2022-01-27 08:19:20.000,202202,OB202202004,XVE3,北區電銷2,10.0
OBA0020,21797,2022-01-27 08:19:20.000,OBA0020,21797,2022-01-27 08:19:20.000,202202,OB202202004,XVE4,中區電銷,25.0
OBA0020,21797,2022-01-27 08:17:59.000,OBA0020,21797,2022-01-27 08:17:59.000,202202,OB202202005,XVE1,北區電銷1,40.0
OBA0020,21797,2022-01-27 08:17:59.000,OBA0020,21797,2022-01-27 08:17:59.000,202202,OB202202005,XVE2,南區電銷,25.0
OBA0020,21797,2022-01-27 08:17:59.000,OBA0020,21797,2022-01-27 08:17:59.000,202202,OB202202005,XVE3,北區電銷2,10.0
OBA0020,21797,2022-01-27 08:17:59.000,OBA0020,21797,2022-01-27 08:17:59.000,202202,OB202202005,XVE4,中區電銷,25.0
OBA0020,21797,2022-01-27 08:17:29.000,OBA0020,21797,2022-01-27 08:17:29.000,202202,OB202202007,XVE1,北區電銷1,40.0
OBA0020,21797,2022-01-27 08:17:29.000,OBA0020,21797,2022-01-27 08:17:29.000,202202,OB202202007,XVE2,南區電銷,25.0
OBA0020,21797,2022-01-27 08:17:29.000,OBA0020,21797,2022-01-27 08:17:29.000,202202,OB202202007,XVE3,北區電銷2,10.0
OBA0020,21797,2022-01-27 08:17:29.000,OBA0020,21797,2022-01-27 08:17:29.000,202202,OB202202007,XVE4,中區電銷,25.0
OBA0020,21797,2022-01-27 08:16:35.000,OBA0020,21797,2022-01-27 08:16:35.000,202202,OB202202008,XVE1,北區電銷1,40.0
OBA0020,21797,2022-01-27 08:16:35.000,OBA0020,21797,2022-01-27 08:16:35.000,202202,OB202202008,XVE2,南區電銷,25.0
OBA0020,21797,2022-01-27 08:16:35.000,OBA0020,21797,2022-01-27 08:16:35.000,202202,OB202202008,XVE3,北區電銷2,10.0
OBA0020,21797,2022-01-27 08:16:35.000,OBA0020,21797,2022-01-27 08:16:35.000,202202,OB202202008,XVE4,中區電銷,25.0
OBA0020,21797,2022-02-23 19:18:25.000,OBA0020,21797,2022-02-23 19:18:25.000,202203,OB202203001,XVE1,北區電銷1,40.0
OBA0020,21797,2022-02-23 19:18:25.000,OBA0020,21797,2022-02-23 19:18:25.000,202203,OB202203001,XVE2,南區電銷,30.0
OBA0020,21797,2022-02-23 19:18:25.000,OBA0020,21797,2022-02-23 19:18:25.000,202203,OB202203001,XVE3,北區電銷2,0.0
OBA0020,21797,2022-02-23 19:18:25.000,OBA0020,21797,2022-02-23 19:18:25.000,202203,OB202203001,XVE4,中區電銷,30.0
OBA0020,21797,2022-02-23 19:17:55.000,OBA0020,21797,2022-02-23 19:17:55.000,202203,OB202203002,XVE1,北區電銷1,0.0
OBA0020,21797,2022-02-23 19:17:55.000,OBA0020,21797,2022-02-23 19:17:55.000,202203,OB202203002,XVE2,南區電銷,0.0
OBA0020,21797,2022-02-23 19:17:55.000,OBA0020,21797,2022-02-23 19:17:55.000,202203,OB202203002,XVE3,北區電銷2,82.0
OBA0020,21797,2022-02-23 19:17:55.000,OBA0020,21797,2022-02-23 19:17:55.000,202203,OB202203002,XVE4,中區電銷,18.0
OBA0020,21797,2022-02-23 19:17:26.000,OBA0020,21797,2022-02-23 19:17:26.000,202203,OB202203003,XVE1,北區電銷1,0.0
OBA0020,21797,2022-02-23 19:17:26.000,OBA0020,21797,2022-02-23 19:17:26.000,202203,OB202203003,XVE2,南區電銷,0.0
OBA0020,21797,2022-02-23 19:17:26.000,OBA0020,21797,2022-02-23 19:17:26.000,202203,OB202203003,XVE3,北區電銷2,82.0
OBA0020,21797,2022-02-23 19:17:26.000,OBA0020,21797,2022-02-23 19:17:26.000,202203,OB202203003,XVE4,中區電銷,18.0
OBA0020,21797,2022-02-23 19:16:42.000,OBA0020,21797,2022-02-23 19:16:42.000,202203,OB202203004,XVE1,北區電銷1,40.0
OBA0020,21797,2022-02-23 19:16:42.000,OBA0020,21797,2022-02-23 19:16:42.000,202203,OB202203004,XVE2,南區電銷,30.0
OBA0020,21797,2022-02-23 19:16:42.000,OBA0020,21797,2022-02-23 19:16:42.000,202203,OB202203004,XVE3,北區電銷2,0.0
OBA0020,21797,2022-02-23 19:16:42.000,OBA0020,21797,2022-02-23 19:16:42.000,202203,OB202203004,XVE4,中區電銷,30.0
OBA0020,21797,2022-02-23 19:16:28.000,OBA0020,21797,2022-02-23 19:16:28.000,202203,OB202203005,XVE1,北區電銷1,40.0
OBA0020,21797,2022-02-23 19:16:28.000,OBA0020,21797,2022-02-23 19:16:28.000,202203,OB202203005,XVE2,南區電銷,30.0
OBA0020,21797,2022-02-23 19:16:28.000,OBA0020,21797,2022-02-23 19:16:28.000,202203,OB202203005,XVE3,北區電銷2,0.0
OBA0020,21797,2022-02-23 19:16:28.000,OBA0020,21797,2022-02-23 19:16:28.000,202203,OB202203005,XVE4,中區電銷,30.0
OBA0020,21797,2022-02-23 19:16:14.000,OBA0020,21797,2022-02-23 19:16:14.000,202203,OB202203006,XVE1,北區電銷1,40.0
OBA0020,21797,2022-02-23 19:16:14.000,OBA0020,21797,2022-02-23 19:16:14.000,202203,OB202203006,XVE2,南區電銷,30.0
OBA0020,21797,2022-02-23 19:16:14.000,OBA0020,21797,2022-02-23 19:16:14.000,202203,OB202203006,XVE3,北區電銷2,0.0
OBA0020,21797,2022-02-23 19:16:14.000,OBA0020,21797,2022-02-23 19:16:14.000,202203,OB202203006,XVE4,中區電銷,30.0
OBA0020,21797,2022-02-23 19:15:51.000,OBA0020,21797,2022-02-23 19:15:51.000,202203,OB202203007,XVE1,北區電銷1,40.0
OBA0020,21797,2022-02-23 19:15:51.000,OBA0020,21797,2022-02-23 19:15:51.000,202203,OB202203007,XVE2,南區電銷,30.0
OBA0020,21797,2022-02-23 19:15:51.000,OBA0020,21797,2022-02-23 19:15:51.000,202203,OB202203007,XVE3,北區電銷2,0.0
OBA0020,21797,2022-02-23 19:15:51.000,OBA0020,21797,2022-02-23 19:15:51.000,202203,OB202203007,XVE4,中區電銷,30.0
OBA0020,21797,2022-03-29 10:53:26.000,OBA0020,21797,2022-03-29 10:53:26.000,202204,OB202204001,XVE1,北區電銷1,40.0
OBA0020,21797,2022-03-29 10:53:26.000,OBA0020,21797,2022-03-29 10:53:26.000,202204,OB202204001,XVE2,南區電銷,33.0
OBA0020,21797,2022-03-29 10:53:26.000,OBA0020,21797,2022-03-29 10:53:26.000,202204,OB202204001,XVE3,北區電銷2,0.0
OBA0020,21797,2022-03-29 10:53:26.000,OBA0020,21797,2022-03-29 10:53:26.000,202204,OB202204001,XVE4,中區電銷,27.0
OBA0020,21797,2022-03-29 11:54:26.000,OBA0020,21797,2022-03-29 11:54:26.000,202204,OB202204002,XVE1,北區電銷1,0.0
OBA0020,21797,2022-03-29 11:54:26.000,OBA0020,21797,2022-03-29 11:54:26.000,202204,OB202204002,XVE2,南區電銷,0.0
OBA0020,21797,2022-03-29 11:54:26.000,OBA0020,21797,2022-03-29 11:54:26.000,202204,OB202204002,XVE3,北區電銷2,84.0
OBA0020,21797,2022-03-29 11:54:26.000,OBA0020,21797,2022-03-29 11:54:26.000,202204,OB202204002,XVE4,中區電銷,16.0
OBA0020,21797,2022-03-29 11:47:00.000,OBA0020,21797,2022-03-29 11:47:00.000,202204,OB202204003,XVE1,北區電銷1,0.0
OBA0020,21797,2022-03-29 11:47:00.000,OBA0020,21797,2022-03-29 11:47:00.000,202204,OB202204003,XVE2,南區電銷,0.0
OBA0020,21797,2022-03-29 11:47:00.000,OBA0020,21797,2022-03-29 11:47:00.000,202204,OB202204003,XVE3,北區電銷2,84.0
OBA0020,21797,2022-03-29 11:47:00.000,OBA0020,21797,2022-03-29 11:47:00.000,202204,OB202204003,XVE4,中區電銷,16.0
OBA0020,21797,2022-03-29 10:54:33.000,OBA0020,21797,2022-03-29 10:54:33.000,202204,OB202204004,XVE1,北區電銷1,40.0
OBA0020,21797,2022-03-29 10:54:33.000,OBA0020,21797,2022-03-29 10:54:33.000,202204,OB202204004,XVE2,南區電銷,33.0
OBA0020,21797,2022-03-29 10:54:33.000,OBA0020,21797,2022-03-29 10:54:33.000,202204,OB202204004,XVE3,北區電銷2,0.0
OBA0020,21797,2022-03-29 10:54:33.000,OBA0020,21797,2022-03-29 10:54:33.000,202204,OB202204004,XVE4,中區電銷,27.0
OBA0020,21797,2022-03-29 10:57:06.000,OBA0020,21797,2022-03-29 10:57:06.000,202204,OB202204005,XVE1,北區電銷1,40.0
OBA0020,21797,2022-03-29 10:57:06.000,OBA0020,21797,2022-03-29 10:57:06.000,202204,OB202204005,XVE2,南區電銷,33.0
OBA0020,21797,2022-03-29 10:57:06.000,OBA0020,21797,2022-03-29 10:57:06.000,202204,OB202204005,XVE3,北區電銷2,0.0
OBA0020,21797,2022-03-29 10:57:06.000,OBA0020,21797,2022-03-29 10:57:06.000,202204,OB202204005,XVE4,中區電銷,27.0
OBA0020,21797,2022-03-29 10:58:02.000,OBA0020,21797,2022-03-29 10:58:02.000,202204,OB202204006,XVE1,北區電銷1,40.0
OBA0020,21797,2022-03-29 10:58:02.000,OBA0020,21797,2022-03-29 10:58:02.000,202204,OB202204006,XVE2,南區電銷,33.0
OBA0020,21797,2022-03-29 10:58:02.000,OBA0020,21797,2022-03-29 10:58:02.000,202204,OB202204006,XVE3,北區電銷2,0.0
OBA0020,21797,2022-03-29 10:58:02.000,OBA0020,21797,2022-03-29 10:58:02.000,202204,OB202204006,XVE4,中區電銷,27.0
OBA0020,21797,2022-03-29 10:59:23.000,OBA0020,21797,2022-03-29 10:59:23.000,202204,OB202204007,XVE1,北區電銷1,40.0
OBA0020,21797,2022-03-29 10:59:23.000,OBA0020,21797,2022-03-29 10:59:23.000,202204,OB202204007,XVE2,南區電銷,33.0
OBA0020,21797,2022-03-29 10:59:23.000,OBA0020,21797,2022-03-29 10:59:23.000,202204,OB202204007,XVE3,北區電銷2,0.0
OBA0020,21797,2022-03-29 10:59:23.000,OBA0020,21797,2022-03-29 10:59:23.000,202204,OB202204007,XVE4,中區電銷,27.0
OBA0020,21797,2022-03-29 11:00:07.000,OBA0020,21797,2022-03-29 11:00:07.000,202204,OB202204008,XVE1,北區電銷1,40.0
OBA0020,21797,2022-03-29 11:00:07.000,OBA0020,21797,2022-03-29 11:00:07.000,202204,OB202204008,XVE2,南區電銷,33.0
OBA0020,21797,2022-03-29 11:00:07.000,OBA0020,21797,2022-03-29 11:00:07.000,202204,OB202204008,XVE3,北區電銷2,0.0
OBA0020,21797,2022-03-29 11:00:07.000,OBA0020,21797,2022-03-29 11:00:07.000,202204,OB202204008,XVE4,中區電銷,27.0
OBA0020,21797,2022-03-29 11:57:04.000,OBA0020,21797,2022-03-29 11:57:04.000,202204,OB202204009,XVE1,北區電銷1,40.0
OBA0020,21797,2022-03-29 11:57:04.000,OBA0020,21797,2022-03-29 11:57:04.000,202204,OB202204009,XVE2,南區電銷,33.0
OBA0020,21797,2022-03-29 11:57:04.000,OBA0020,21797,2022-03-29 11:57:04.000,202204,OB202204009,XVE3,北區電銷2,0.0
OBA0020,21797,2022-03-29 11:57:04.000,OBA0020,21797,2022-03-29 11:57:04.000,202204,OB202204009,XVE4,中區電銷,27.0
OBA0020,21797,2022-03-29 11:41:54.000,OBA0020,21797,2022-03-29 11:41:54.000,202204,OB202204010,XVE1,北區電銷1,0.0
OBA0020,21797,2022-03-29 11:41:54.000,OBA0020,21797,2022-03-29 11:41:54.000,202204,OB202204010,XVE2,南區電銷,0.0
OBA0020,21797,2022-03-29 11:41:54.000,OBA0020,21797,2022-03-29 11:41:54.000,202204,OB202204010,XVE3,北區電銷2,84.0
OBA0020,21797,2022-03-29 11:41:54.000,OBA0020,21797,2022-03-29 11:41:54.000,202204,OB202204010,XVE4,中區電銷,16.0
OBA0020,21797,2022-04-25 16:56:45.000,OBA0020,21797,2022-04-25 16:56:45.000,202205,OB202205001,XVE1,北區電銷1,40.0
OBA0020,21797,2022-04-25 16:56:45.000,OBA0020,21797,2022-04-25 16:56:45.000,202205,OB202205001,XVE2,南區電銷,33.0
OBA0020,21797,2022-04-25 16:56:45.000,OBA0020,21797,2022-04-25 16:56:45.000,202205,OB202205001,XVE3,北區電銷2,0.0
OBA0020,21797,2022-04-25 16:56:45.000,OBA0020,21797,2022-04-25 16:56:45.000,202205,OB202205001,XVE4,中區電銷,27.0
OBA0020,21797,2022-04-25 17:02:09.000,OBA0020,21797,2022-04-25 17:02:09.000,202205,OB202205002,XVE1,北區電銷1,0.0
OBA0020,21797,2022-04-25 17:02:09.000,OBA0020,21797,2022-04-25 17:02:09.000,202205,OB202205002,XVE2,南區電銷,0.0
OBA0020,21797,2022-04-25 17:02:09.000,OBA0020,21797,2022-04-25 17:02:09.000,202205,OB202205002,XVE3,北區電銷2,79.0
OBA0020,21797,2022-04-25 17:02:09.000,OBA0020,21797,2022-04-25 17:02:09.000,202205,OB202205002,XVE4,中區電銷,21.0
OBA0020,21797,2022-05-27 16:53:45.000,OBA0020,21797,2022-05-27 16:53:45.000,202206,OB202206001,XVE1,北區電銷1,40.0
OBA0020,21797,2022-05-27 16:53:45.000,OBA0020,21797,2022-05-27 16:53:45.000,202206,OB202206001,XVE2,南區電銷,35.0
OBA0020,21797,2022-05-27 16:53:45.000,OBA0020,21797,2022-05-27 16:53:45.000,202206,OB202206001,XVE3,北區電銷2,0.0
OBA0020,21797,2022-05-27 16:53:45.000,OBA0020,21797,2022-05-27 16:53:45.000,202206,OB202206001,XVE4,中區電銷,25.0
OBA0020,21797,2022-05-27 16:54:33.000,OBA0020,21797,2022-05-27 16:54:33.000,202206,OB202206002,XVE1,北區電銷1,0.0
OBA0020,21797,2022-05-27 16:54:33.000,OBA0020,21797,2022-05-27 16:54:33.000,202206,OB202206002,XVE2,南區電銷,0.0
OBA0020,21797,2022-05-27 16:54:33.000,OBA0020,21797,2022-05-27 16:54:33.000,202206,OB202206002,XVE3,北區電銷2,80.0
OBA0020,21797,2022-05-27 16:54:33.000,OBA0020,21797,2022-05-27 16:54:33.000,202206,OB202206002,XVE4,中區電銷,20.0
OBA0020,21797,2022-06-27 08:39:14.000,OBA0020,21797,2022-06-27 08:39:14.000,202207,OB202207001,XVE1,北區電銷1,40.0
OBA0020,21797,2022-06-27 08:39:14.000,OBA0020,21797,2022-06-27 08:39:14.000,202207,OB202207001,XVE2,南區電銷,35.0
OBA0020,21797,2022-06-27 08:39:14.000,OBA0020,21797,2022-06-27 08:39:14.000,202207,OB202207001,XVE3,北區電銷2,0.0
OBA0020,21797,2022-06-27 08:39:14.000,OBA0020,21797,2022-06-27 08:39:14.000,202207,OB202207001,XVE4,中區電銷,25.0
OBA0020,21797,2022-06-27 08:39:53.000,OBA0020,21797,2022-06-27 08:39:53.000,202207,OB202207002,XVE1,北區電銷1,0.0
OBA0020,21797,2022-06-27 08:39:53.000,OBA0020,21797,2022-06-27 08:39:53.000,202207,OB202207002,XVE2,南區電銷,0.0
OBA0020,21797,2022-06-27 08:39:53.000,OBA0020,21797,2022-06-27 08:39:53.000,202207,OB202207002,XVE3,北區電銷2,80.0
OBA0020,21797,2022-06-27 08:39:53.000,OBA0020,21797,2022-06-27 08:39:53.000,202207,OB202207002,XVE4,中區電銷,20.0
OBA0020,21797,2022-07-12 08:18:26.000,OBA0020,21797,2022-07-12 08:18:26.000,202208,OB202208001,XVE1,北區電銷1,40.0
OBA0020,21797,2022-07-12 08:18:26.000,OBA0020,21797,2022-07-12 08:18:26.000,202208,OB202208001,XVE2,南區電銷,35.0
OBA0020,21797,2022-07-12 08:18:26.000,OBA0020,21797,2022-07-12 08:18:26.000,202208,OB202208001,XVE3,北區電銷2,0.0
OBA0020,21797,2022-07-12 08:18:26.000,OBA0020,21797,2022-07-12 08:18:26.000,202208,OB202208001,XVE4,中區電銷,25.0
OBA0020,21797,2022-07-26 08:25:23.000,OBA0020,21797,2022-07-26 08:25:23.000,202208,OB202208002,XVE1,北區電銷1,0.0
OBA0020,21797,2022-07-26 08:25:23.000,OBA0020,21797,2022-07-26 08:25:23.000,202208,OB202208002,XVE2,南區電銷,0.0
OBA0020,21797,2022-07-26 08:25:23.000,OBA0020,21797,2022-07-26 08:25:23.000,202208,OB202208002,XVE3,北區電銷2,71.0
OBA0020,21797,2022-07-26 08:25:23.000,OBA0020,21797,2022-07-26 08:25:23.000,202208,OB202208002,XVE4,中區電銷,29.0
OBA0020,21797,2022-08-30 09:41:18.747,OBA0020,21797,2022-08-30 09:41:18.747,202209,OB202209001,XVE1,北區電銷1,38.0
OBA0020,21797,2022-08-30 09:41:18.747,OBA0020,21797,2022-08-30 09:41:18.747,202209,OB202209001,XVE2,南區電銷,35.0
OBA0020,21797,2022-08-30 09:41:18.747,OBA0020,21797,2022-08-30 09:41:18.747,202209,OB202209001,XVE3,北區電銷2,3.0
OBA0020,21797,2022-08-30 09:41:18.747,OBA0020,21797,2022-08-30 09:41:18.747,202209,OB202209001,XVE4,中區電銷,24.0
OBA0020,21797,2022-08-30 09:41:18.747,OBA0020,21797,2022-08-30 09:41:18.747,202209,OB202209001,XVE5,北區電銷3,0.0
OBA0020,21797,2022-08-29 16:58:10.900,OBA0020,21797,2022-08-29 16:58:10.900,202209,OB202209002,XVE1,北區電銷1,0.0
OBA0020,21797,2022-08-29 16:58:10.900,OBA0020,21797,2022-08-29 16:58:10.900,202209,OB202209002,XVE2,南區電銷,0.0
OBA0020,21797,2022-08-29 16:58:10.900,OBA0020,21797,2022-08-29 16:58:10.900,202209,OB202209002,XVE3,北區電銷2,0.0
OBA0020,21797,2022-08-29 16:58:10.900,OBA0020,21797,2022-08-29 16:58:10.900,202209,OB202209002,XVE4,中區電銷,29.0
OBA0020,21797,2022-08-29 16:58:10.900,OBA0020,21797,2022-08-29 16:58:10.900,202209,OB202209002,XVE5,北區電銷3,71.0
OBA0020,21797,2022-09-26 09:46:39.000,OBA0020,21797,2022-09-26 09:46:39.000,202210,OB202210001,XVE1,北區電銷1,38.0
OBA0020,21797,2022-09-26 09:46:39.000,OBA0020,21797,2022-09-26 09:46:39.000,202210,OB202210001,XVE2,南區電銷,35.0
OBA0020,21797,2022-09-26 09:46:39.000,OBA0020,21797,2022-09-26 09:46:39.000,202210,OB202210001,XVE3,北區電銷2,3.0
OBA0020,21797,2022-09-26 09:46:39.000,OBA0020,21797,2022-09-26 09:46:39.000,202210,OB202210001,XVE4,中區電銷,24.0
OBA0020,21797,2022-09-26 09:46:39.000,OBA0020,21797,2022-09-26 09:46:39.000,202210,OB202210001,XVE5,北區電銷3,0.0
OBA0020,21797,2022-09-26 09:47:40.000,OBA0020,21797,2022-09-26 09:47:40.000,202210,OB202210002,XVE1,北區電銷1,0.0
OBA0020,21797,2022-09-26 09:47:40.000,OBA0020,21797,2022-09-26 09:47:40.000,202210,OB202210002,XVE2,南區電銷,0.0
OBA0020,21797,2022-09-26 09:47:40.000,OBA0020,21797,2022-09-26 09:47:40.000,202210,OB202210002,XVE3,北區電銷2,0.0
OBA0020,21797,2022-09-26 09:47:40.000,OBA0020,21797,2022-09-26 09:47:40.000,202210,OB202210002,XVE4,中區電銷,31.0
OBA0020,21797,2022-09-26 09:47:40.000,OBA0020,21797,2022-09-26 09:47:40.000,202210,OB202210002,XVE5,北區電銷3,69.0
OBZ020,22323,2022-10-26 16:44:24.847,OBZ020,22323,2022-10-26 16:44:24.847,202211,OB202211001,XVE1,北區電銷1,38.0
OBZ020,22323,2022-10-26 16:44:24.847,OBZ020,22323,2022-10-26 16:44:24.847,202211,OB202211001,XVE2,南區電銷,33.0
OBZ020,22323,2022-10-26 16:44:24.847,OBZ020,22323,2022-10-26 16:44:24.847,202211,OB202211001,XVE3,北區電銷2,5.0
OBZ020,22323,2022-10-26 16:44:24.847,OBZ020,22323,2022-10-26 16:44:24.847,202211,OB202211001,XVE4,中區電銷,24.0
OBZ020,22323,2022-10-26 16:44:24.847,OBZ020,22323,2022-10-26 16:44:24.847,202211,OB202211001,XVE5,北區電銷3,0.0
OBZ020,22323,2022-10-26 16:45:31.737,OBZ020,22323,2022-10-26 16:45:31.737,202211,OB202211007,XVE1,北區電銷1,0.0
OBZ020,22323,2022-10-26 16:45:31.737,OBZ020,22323,2022-10-26 16:45:31.737,202211,OB202211007,XVE2,南區電銷,0.0
OBZ020,22323,2022-10-26 16:45:31.737,OBZ020,22323,2022-10-26 16:45:31.737,202211,OB202211007,XVE3,北區電銷2,0.0
OBZ020,22323,2022-10-26 16:45:31.737,OBZ020,22323,2022-10-26 16:45:31.737,202211,OB202211007,XVE4,中區電銷,31.0
OBZ020,22323,2022-10-26 16:45:31.737,OBZ020,22323,2022-10-26 16:45:31.737,202211,OB202211007,XVE5,北區電銷3,69.0
OBZ020,22323,2022-11-23 11:50:14.623,OBZ020,22323,2022-11-23 11:50:14.623,202212,OB202212001,XVE1,北區電銷1,36.0
OBZ020,22323,2022-11-23 11:50:14.623,OBZ020,22323,2022-11-23 11:50:14.623,202212,OB202212001,XVE2,南區電銷,33.0
OBZ020,22323,2022-11-23 11:50:14.623,OBZ020,22323,2022-11-23 11:50:14.623,202212,OB202212001,XVE3,北區電銷2,7.0
OBZ020,22323,2022-11-23 11:50:14.623,OBZ020,22323,2022-11-23 11:50:14.623,202212,OB202212001,XVE4,中區電銷,24.0
OBZ020,22323,2022-11-23 11:50:14.623,OBZ020,22323,2022-11-23 11:50:14.623,202212,OB202212001,XVE5,北區電銷3,0.0
OBZ020,22323,2022-11-23 11:50:52.983,OBZ020,22323,2022-11-23 11:50:52.983,202212,OB202212008,XVE1,北區電銷1,0.0
OBZ020,22323,2022-11-23 11:50:52.983,OBZ020,22323,2022-11-23 11:50:52.983,202212,OB202212008,XVE2,南區電銷,0.0
OBZ020,22323,2022-11-23 11:50:52.983,OBZ020,22323,2022-11-23 11:50:52.983,202212,OB202212008,XVE3,北區電銷2,0.0
OBZ020,22323,2022-11-23 11:50:52.983,OBZ020,22323,2022-11-23 11:50:52.983,202212,OB202212008,XVE4,中區電銷,31.0
OBZ020,22323,2022-11-23 11:50:52.983,OBZ020,22323,2022-11-23 11:50:52.983,202212,OB202212008,XVE5,北區電銷3,69.0
OBZ020,22323,2022-12-23 17:09:50.367,OBZ020,22323,2022-12-23 17:09:50.367,202301,OB202301001,XVE1,北區電銷1,36.0
OBZ020,22323,2022-12-23 17:09:50.367,OBZ020,22323,2022-12-23 17:09:50.367,202301,OB202301001,XVE2,南區電銷,33.0
OBZ020,22323,2022-12-23 17:09:50.367,OBZ020,22323,2022-12-23 17:09:50.367,202301,OB202301001,XVE3,北區電銷2,7.0
OBZ020,22323,2022-12-23 17:09:50.367,OBZ020,22323,2022-12-23 17:09:50.367,202301,OB202301001,XVE4,中區電銷,24.0
OBZ020,22323,2022-12-23 17:09:50.367,OBZ020,22323,2022-12-23 17:09:50.367,202301,OB202301001,XVE5,北區電銷3,0.0
OBZ020,22323,2022-12-23 17:11:16.477,OBZ020,22323,2022-12-23 17:11:16.477,202301,OB202301008,XVE1,北區電銷1,0.0
OBZ020,22323,2022-12-23 17:11:16.477,OBZ020,22323,2022-12-23 17:11:16.477,202301,OB202301008,XVE2,南區電銷,0.0
OBZ020,22323,2022-12-23 17:11:16.477,OBZ020,22323,2022-12-23 17:11:16.477,202301,OB202301008,XVE3,北區電銷2,0.0
OBZ020,22323,2022-12-23 17:11:16.477,OBZ020,22323,2022-12-23 17:11:16.477,202301,OB202301008,XVE4,中區電銷,31.0
OBZ020,22323,2022-12-23 17:11:16.477,OBZ020,22323,2022-12-23 17:11:16.477,202301,OB202301008,XVE5,北區電銷3,69.0
OBZ020,22323,2023-01-31 11:20:14.733,OBZ020,22323,2023-01-31 11:20:14.733,202302,OB202302001,XVE1,北區電銷1,38.0
OBZ020,22323,2023-01-31 11:20:14.733,OBZ020,22323,2023-01-31 11:20:14.733,202302,OB202302001,XVE2,南區電銷,32.0
OBZ020,22323,2023-01-31 11:20:14.733,OBZ020,22323,2023-01-31 11:20:14.733,202302,OB202302001,XVE3,北區電銷2,6.0
OBZ020,22323,2023-01-31 11:20:14.733,OBZ020,22323,2023-01-31 11:20:14.733,202302,OB202302001,XVE4,中區電銷,24.0
OBZ020,22323,2023-01-31 11:20:14.733,OBZ020,22323,2023-01-31 11:20:14.733,202302,OB202302001,XVE5,北區電銷3,0.0
OBZ020,22323,2023-01-31 11:22:02.440,OBZ020,22323,2023-01-31 11:22:02.440,202302,OB202302008,XVE1,北區電銷1,0.0
OBZ020,22323,2023-01-31 11:22:02.440,OBZ020,22323,2023-01-31 11:22:02.440,202302,OB202302008,XVE2,南區電銷,0.0
OBZ020,22323,2023-01-31 11:22:02.440,OBZ020,22323,2023-01-31 11:22:02.440,202302,OB202302008,XVE3,北區電銷2,0.0
OBZ020,22323,2023-01-31 11:22:02.440,OBZ020,22323,2023-01-31 11:22:02.440,202302,OB202302008,XVE4,中區電銷,31.0
OBZ020,22323,2023-01-31 11:22:02.440,OBZ020,22323,2023-01-31 11:22:02.440,202302,OB202302008,XVE5,北區電銷3,69.0
OBZ020,22323,2023-02-21 15:20:49.020,OBZ020,22323,2023-02-21 15:20:49.020,202303,OB202303001,XVE1,北區電銷1,38.0
OBZ020,22323,2023-02-21 15:20:49.020,OBZ020,22323,2023-02-21 15:20:49.020,202303,OB202303001,XVE2,南區電銷,31.0
OBZ020,22323,2023-02-21 15:20:49.020,OBZ020,22323,2023-02-21 15:20:49.020,202303,OB202303001,XVE3,北區電銷2,7.0
OBZ020,22323,2023-02-21 15:20:49.020,OBZ020,22323,2023-02-21 15:20:49.020,202303,OB202303001,XVE4,中區電銷1,24.0
OBZ020,22323,2023-02-21 15:20:49.020,OBZ020,22323,2023-02-21 15:20:49.020,202303,OB202303001,XVE5,北區電銷3,0.0
OBZ020,22323,2023-02-21 15:20:49.020,OBZ020,22323,2023-02-21 15:20:49.020,202303,OB202303001,XVE6,中區電銷2,0.0
OBZ020,22323,2023-02-21 15:25:05.290,OBZ020,22323,2023-02-21 15:25:05.290,202303,OB202303008,XVE1,北區電銷1,0.0
OBZ020,22323,2023-02-21 15:25:05.290,OBZ020,22323,2023-02-21 15:25:05.290,202303,OB202303008,XVE2,南區電銷,0.0
OBZ020,22323,2023-02-21 15:25:05.290,OBZ020,22323,2023-02-21 15:25:05.290,202303,OB202303008,XVE3,北區電銷2,0.0
OBZ020,22323,2023-02-21 15:25:05.290,OBZ020,22323,2023-02-21 15:25:05.290,202303,OB202303008,XVE4,中區電銷1,0.0
OBZ020,22323,2023-02-21 15:25:05.290,OBZ020,22323,2023-02-21 15:25:05.290,202303,OB202303008,XVE5,北區電銷3,69.0
OBZ020,22323,2023-02-21 15:25:05.290,OBZ020,22323,2023-02-21 15:25:05.290,202303,OB202303008,XVE6,中區電銷2,31.0
OBZ020,22323,2023-03-28 11:08:58.863,OBZ020,22323,2023-03-28 11:08:58.863,202304,OB202304001,XVE1,北區電銷1,36.0
OBZ020,22323,2023-03-28 11:08:58.863,OBZ020,22323,2023-03-28 11:08:58.863,202304,OB202304001,XVE2,南區電銷,33.0
OBZ020,22323,2023-03-28 11:08:58.863,OBZ020,22323,2023-03-28 11:08:58.863,202304,OB202304001,XVE3,北區電銷2,7.0
OBZ020,22323,2023-03-28 11:08:58.863,OBZ020,22323,2023-03-28 11:08:58.863,202304,OB202304001,XVE4,中區電銷1,24.0
OBZ020,22323,2023-03-28 11:08:58.863,OBZ020,22323,2023-03-28 11:08:58.863,202304,OB202304001,XVE5,北區電銷3,0.0
OBZ020,22323,2023-03-28 11:08:58.863,OBZ020,22323,2023-03-28 11:08:58.863,202304,OB202304001,XVE6,中區電銷2,0.0
OBZ020,22323,2023-03-28 11:09:35.020,OBZ020,22323,2023-03-28 11:09:35.020,202304,OB202304008,XVE1,北區電銷1,0.0
OBZ020,22323,2023-03-28 11:09:35.020,OBZ020,22323,2023-03-28 11:09:35.020,202304,OB202304008,XVE2,南區電銷,0.0
OBZ020,22323,2023-03-28 11:09:35.020,OBZ020,22323,2023-03-28 11:09:35.020,202304,OB202304008,XVE3,北區電銷2,0.0
OBZ020,22323,2023-03-28 11:09:35.020,OBZ020,22323,2023-03-28 11:09:35.020,202304,OB202304008,XVE4,中區電銷1,0.0
OBZ020,22323,2023-03-28 11:09:35.020,OBZ020,22323,2023-03-28 11:09:35.020,202304,OB202304008,XVE5,北區電銷3,68.0
OBZ020,22323,2023-03-28 11:09:35.020,OBZ020,22323,2023-03-28 11:09:35.020,202304,OB202304008,XVE6,中區電銷2,32.0
OBZ020,22323,2023-04-26 11:08:23.670,OBZ020,22323,2023-04-26 11:08:23.670,202305,OB202305001,XVE1,北區電銷1,35.0
OBZ020,22323,2023-04-26 11:08:23.670,OBZ020,22323,2023-04-26 11:08:23.670,202305,OB202305001,XVE2,南區電銷,34.0
OBZ020,22323,2023-04-26 11:08:23.670,OBZ020,22323,2023-04-26 11:08:23.670,202305,OB202305001,XVE3,北區電銷2,6.0
OBZ020,22323,2023-04-26 11:08:23.670,OBZ020,22323,2023-04-26 11:08:23.670,202305,OB202305001,XVE4,中區電銷1,25.0
OBZ020,22323,2023-04-26 11:08:23.670,OBZ020,22323,2023-04-26 11:08:23.670,202305,OB202305001,XVE5,北區電銷3,0.0
OBZ020,22323,2023-04-26 11:08:23.670,OBZ020,22323,2023-04-26 11:08:23.670,202305,OB202305001,XVE6,中區電銷2,0.0
OBZ020,22323,2023-04-26 11:09:06.107,OBZ020,22323,2023-04-26 11:09:06.107,202305,OB202305008,XVE1,北區電銷1,0.0
OBZ020,22323,2023-04-26 11:09:06.107,OBZ020,22323,2023-04-26 11:09:06.107,202305,OB202305008,XVE2,南區電銷,0.0
OBZ020,22323,2023-04-26 11:09:06.107,OBZ020,22323,2023-04-26 11:09:06.107,202305,OB202305008,XVE3,北區電銷2,0.0
OBZ020,22323,2023-04-26 11:09:06.107,OBZ020,22323,2023-04-26 11:09:06.107,202305,OB202305008,XVE4,中區電銷1,0.0
OBZ020,22323,2023-04-26 11:09:06.107,OBZ020,22323,2023-04-26 11:09:06.107,202305,OB202305008,XVE5,北區電銷3,68.0
OBZ020,22323,2023-04-26 11:09:06.107,OBZ020,22323,2023-04-26 11:09:06.107,202305,OB202305008,XVE6,中區電銷2,32.0
OBZ020,22323,2023-05-30 09:39:16.827,OBZ020,22323,2023-05-30 09:39:16.827,202306,OB202306001,XVE1,北區電銷1,35.0
OBZ020,22323,2023-05-30 09:39:16.827,OBZ020,22323,2023-05-30 09:39:16.827,202306,OB202306001,XVE2,南區電銷,34.0
OBZ020,22323,2023-05-30 09:39:16.827,OBZ020,22323,2023-05-30 09:39:16.827,202306,OB202306001,XVE3,北區電銷2,6.0
OBZ020,22323,2023-05-30 09:39:16.827,OBZ020,22323,2023-05-30 09:39:16.827,202306,OB202306001,XVE4,中區電銷1,25.0
OBZ020,22323,2023-05-30 09:39:16.827,OBZ020,22323,2023-05-30 09:39:16.827,202306,OB202306001,XVE5,北區電銷3,0.0
OBZ020,22323,2023-05-30 09:39:16.827,OBZ020,22323,2023-05-30 09:39:16.827,202306,OB202306001,XVE6,中區電銷2,0.0
OBZ020,22323,2023-05-30 09:40:03.500,OBZ020,22323,2023-05-30 09:40:03.500,202306,OB202306008,XVE1,北區電銷1,0.0
OBZ020,22323,2023-05-30 09:40:03.500,OBZ020,22323,2023-05-30 09:40:03.500,202306,OB202306008,XVE2,南區電銷,0.0
OBZ020,22323,2023-05-30 09:40:03.500,OBZ020,22323,2023-05-30 09:40:03.500,202306,OB202306008,XVE3,北區電銷2,0.0
OBZ020,22323,2023-05-30 09:40:03.500,OBZ020,22323,2023-05-30 09:40:03.500,202306,OB202306008,XVE4,中區電銷1,0.0
OBZ020,22323,2023-05-30 09:40:03.500,OBZ020,22323,2023-05-30 09:40:03.500,202306,OB202306008,XVE5,北區電銷3,68.0
OBZ020,22323,2023-05-30 09:40:03.500,OBZ020,22323,2023-05-30 09:40:03.500,202306,OB202306008,XVE6,中區電銷2,32.0
OBZ020,22323,2023-06-28 11:49:19.370,OBZ020,22323,2023-06-28 11:49:19.370,202307,OB202307001,XVE1,北區電銷1,35.0
OBZ020,22323,2023-06-28 11:49:19.370,OBZ020,22323,2023-06-28 11:49:19.370,202307,OB202307001,XVE2,南區電銷,34.0
OBZ020,22323,2023-06-28 11:49:19.370,OBZ020,22323,2023-06-28 11:49:19.370,202307,OB202307001,XVE3,北區電銷2,7.0
OBZ020,22323,2023-06-28 11:49:19.370,OBZ020,22323,2023-06-28 11:49:19.370,202307,OB202307001,XVE4,中區電銷1,24.0
OBZ020,22323,2023-06-28 11:49:19.370,OBZ020,22323,2023-06-28 11:49:19.370,202307,OB202307001,XVE5,北區電銷3,0.0
OBZ020,22323,2023-06-28 11:49:19.370,OBZ020,22323,2023-06-28 11:49:19.370,202307,OB202307001,XVE6,中區電銷2,0.0
OBZ020,22323,2023-06-28 11:50:10.353,OBZ020,22323,2023-06-28 11:50:10.353,202307,OB202307008,XVE1,北區電銷1,0.0
OBZ020,22323,2023-06-28 11:50:10.353,OBZ020,22323,2023-06-28 11:50:10.353,202307,OB202307008,XVE2,南區電銷,0.0
OBZ020,22323,2023-06-28 11:50:10.353,OBZ020,22323,2023-06-28 11:50:10.353,202307,OB202307008,XVE3,北區電銷2,0.0
OBZ020,22323,2023-06-28 11:50:10.353,OBZ020,22323,2023-06-28 11:50:10.353,202307,OB202307008,XVE4,中區電銷1,0.0
OBZ020,22323,2023-06-28 11:50:10.353,OBZ020,22323,2023-06-28 11:50:10.353,202307,OB202307008,XVE5,北區電銷3,70.0
OBZ020,22323,2023-06-28 11:50:10.353,OBZ020,22323,2023-06-28 11:50:10.353,202307,OB202307008,XVE6,中區電銷2,30.0
OBZ020,22323,2023-07-27 09:52:57.177,OBZ020,22323,2023-07-27 09:52:57.177,202308,OB202308001,XVE1,北區電銷1,35.0
OBZ020,22323,2023-07-27 09:52:57.177,OBZ020,22323,2023-07-27 09:52:57.177,202308,OB202308001,XVE2,南區電銷,35.0
OBZ020,22323,2023-07-27 09:52:57.177,OBZ020,22323,2023-07-27 09:52:57.177,202308,OB202308001,XVE3,北區電銷2,8.0
OBZ020,22323,2023-07-27 09:52:57.177,OBZ020,22323,2023-07-27 09:52:57.177,202308,OB202308001,XVE4,中區電銷1,22.0
OBZ020,22323,2023-07-27 09:52:57.177,OBZ020,22323,2023-07-27 09:52:57.177,202308,OB202308001,XVE5,北區電銷3,0.0
OBZ020,22323,2023-07-27 09:52:57.177,OBZ020,22323,2023-07-27 09:52:57.177,202308,OB202308001,XVE6,中區電銷2,0.0
OBZ020,22323,2023-07-27 09:53:57.270,OBZ020,22323,2023-07-27 09:53:57.270,202308,OB202308008,XVE1,北區電銷1,0.0
OBZ020,22323,2023-07-27 09:53:57.270,OBZ020,22323,2023-07-27 09:53:57.270,202308,OB202308008,XVE2,南區電銷,0.0
OBZ020,22323,2023-07-27 09:53:57.270,OBZ020,22323,2023-07-27 09:53:57.270,202308,OB202308008,XVE3,北區電銷2,0.0
OBZ020,22323,2023-07-27 09:53:57.270,OBZ020,22323,2023-07-27 09:53:57.270,202308,OB202308008,XVE4,中區電銷1,0.0
OBZ020,22323,2023-07-27 09:53:57.270,OBZ020,22323,2023-07-27 09:53:57.270,202308,OB202308008,XVE5,北區電銷3,72.0
OBZ020,22323,2023-07-27 09:53:57.270,OBZ020,22323,2023-07-27 09:53:57.270,202308,OB202308008,XVE6,中區電銷2,28.0
OBZ020,22323,2023-08-22 14:54:39.397,OBZ020,20902,2023-08-22 14:54:39.397,202309,OB202309001,XVE1,北區電銷1,34.0
OBZ020,22323,2023-08-22 14:54:39.397,OBZ020,20902,2023-08-22 14:54:39.397,202309,OB202309001,XVE2,南區電銷,35.0
OBZ020,22323,2023-08-22 14:54:39.397,OBZ020,20902,2023-08-22 14:54:39.397,202309,OB202309001,XVE3,北區電銷2,10.0
OBZ020,22323,2023-08-22 14:54:39.397,OBZ020,20902,2023-08-22 14:54:39.397,202309,OB202309001,XVE4,中區電銷1,21.0
OBZ020,22323,2023-08-22 14:54:39.397,OBZ020,22323,2023-08-22 14:54:39.397,202309,OB202309001,XVE5,北區電銷3,0.0
OBZ020,22323,2023-08-22 14:54:39.397,OBZ020,22323,2023-08-22 14:54:39.397,202309,OB202309001,XVE6,中區電銷2,0.0
OBZ020,22323,2023-08-22 14:56:22.897,OBZ020,22323,2023-08-22 14:56:22.897,202309,OB202309008,XVE1,北區電銷1,0.0
OBZ020,22323,2023-08-22 14:56:22.897,OBZ020,22323,2023-08-22 14:56:22.897,202309,OB202309008,XVE2,南區電銷,0.0
OBZ020,22323,2023-08-22 14:56:22.897,OBZ020,22323,2023-08-22 14:56:22.897,202309,OB202309008,XVE3,北區電銷2,0.0
OBZ020,22323,2023-08-22 14:56:22.897,OBZ020,22323,2023-08-22 14:56:22.897,202309,OB202309008,XVE4,中區電銷1,0.0
OBZ020,22323,2023-08-22 14:56:22.897,OBZ020,20902,2023-08-22 14:56:22.897,202309,OB202309008,XVE5,北區電銷3,68.0
OBZ020,22323,2023-08-22 14:56:22.897,OBZ020,20902,2023-08-22 14:56:22.897,202309,OB202309008,XVE6,中區電銷2,32.0
OBZ020,23277,2023-09-23 09:01:40.983,OBZ020,23277,2023-09-23 09:01:40.983,202310,OB202310001,XVE1,北區電銷1,34.0
OBZ020,23277,2023-09-23 09:01:40.983,OBZ020,23277,2023-09-23 09:01:40.983,202310,OB202310001,XVE2,南區電銷,35.0
OBZ020,23277,2023-09-23 09:01:40.983,OBZ020,23277,2023-09-23 09:01:40.983,202310,OB202310001,XVE3,北區電銷2,11.0
OBZ020,23277,2023-09-23 09:01:40.983,OBZ020,23277,2023-09-23 09:01:40.983,202310,OB202310001,XVE4,中區電銷1,20.0
OBZ020,23277,2023-09-23 09:01:40.983,OBZ020,23277,2023-09-23 09:01:40.983,202310,OB202310001,XVE5,北區電銷3,0.0
OBZ020,23277,2023-09-23 09:01:40.983,OBZ020,23277,2023-09-23 09:01:40.983,202310,OB202310001,XVE6,中區電銷2,0.0
OBZ020,23277,2023-09-23 09:02:49.173,OBZ020,23277,2023-09-23 09:02:49.173,202310,OB202310008,XVE1,北區電銷1,0.0
OBZ020,23277,2023-09-23 09:02:49.173,OBZ020,23277,2023-09-23 09:02:49.173,202310,OB202310008,XVE2,南區電銷,0.0
OBZ020,23277,2023-09-23 09:02:49.173,OBZ020,23277,2023-09-23 09:02:49.173,202310,OB202310008,XVE3,北區電銷2,0.0
OBZ020,23277,2023-09-23 09:02:49.173,OBZ020,23277,2023-09-23 09:02:49.173,202310,OB202310008,XVE4,中區電銷1,0.0
OBZ020,23277,2023-09-23 09:02:49.173,OBZ020,23277,2023-09-23 09:02:49.173,202310,OB202310008,XVE5,北區電銷3,70.0
OBZ020,23277,2023-09-23 09:02:49.173,OBZ020,23277,2023-09-23 09:02:49.173,202310,OB202310008,XVE6,中區電銷2,30.0
OBZ020,23277,2023-10-23 14:34:55.700,OBZ020,23277,2023-10-23 14:34:55.700,202311,OB202311001,XVE1,北區電銷1,34.0
OBZ020,23277,2023-10-23 14:34:55.700,OBZ020,23277,2023-10-23 14:34:55.700,202311,OB202311001,XVE2,南區電銷,35.0
OBZ020,23277,2023-10-23 14:34:55.700,OBZ020,23277,2023-10-23 14:34:55.700,202311,OB202311001,XVE3,北區電銷2,11.0
OBZ020,23277,2023-10-23 14:34:55.700,OBZ020,23277,2023-10-23 14:34:55.700,202311,OB202311001,XVE4,中區電銷1,20.0
OBZ020,23277,2023-10-23 14:34:55.700,OBZ020,23277,2023-10-23 14:34:55.700,202311,OB202311001,XVE5,北區電銷3,0.0
OBZ020,23277,2023-10-23 14:34:55.700,OBZ020,23277,2023-10-23 14:34:55.700,202311,OB202311001,XVE6,中區電銷2,0.0
OBZ020,23277,2023-10-23 14:35:14.700,OBZ020,23277,2023-10-23 14:35:14.700,202311,OB202311008,XVE1,北區電銷1,0.0
OBZ020,23277,2023-10-23 14:35:14.700,OBZ020,23277,2023-10-23 14:35:14.700,202311,OB202311008,XVE2,南區電銷,0.0
OBZ020,23277,2023-10-23 14:35:14.700,OBZ020,23277,2023-10-23 14:35:14.700,202311,OB202311008,XVE3,北區電銷2,0.0
OBZ020,23277,2023-10-23 14:35:14.700,OBZ020,23277,2023-10-23 14:35:14.700,202311,OB202311008,XVE4,中區電銷1,0.0
OBZ020,23277,2023-10-23 14:35:14.700,OBZ020,23277,2023-10-23 14:35:14.700,202311,OB202311008,XVE5,北區電銷3,60.0
OBZ020,23277,2023-10-23 14:35:14.700,OBZ020,23277,2023-10-23 14:35:14.700,202311,OB202311008,XVE6,中區電銷2,40.0
OBZ020,23277,2023-11-22 14:42:59.510,OBZ020,23277,2023-11-22 14:42:59.510,202312,OB202312001,XVE1,北區電銷1,34.0
OBZ020,23277,2023-11-22 14:42:59.510,OBZ020,23277,2023-11-22 14:42:59.510,202312,OB202312001,XVE2,南區電銷,34.0
OBZ020,23277,2023-11-22 14:42:59.510,OBZ020,23277,2023-11-22 14:42:59.510,202312,OB202312001,XVE3,北區電銷2,12.0
OBZ020,23277,2023-11-22 14:42:59.510,OBZ020,23277,2023-11-22 14:42:59.510,202312,OB202312001,XVE4,中區電銷1,20.0
OBZ020,23277,2023-11-22 14:42:59.510,OBZ020,23277,2023-11-22 14:42:59.510,202312,OB202312001,XVE5,北區電銷3,0.0
OBZ020,23277,2023-11-22 14:42:59.510,OBZ020,23277,2023-11-22 14:42:59.510,202312,OB202312001,XVE6,中區電銷2,0.0
OBZ020,23277,2023-11-22 14:46:51.090,OBZ020,23277,2023-11-22 14:46:51.090,202312,OB202312008,XVE1,北區電銷1,0.0
OBZ020,23277,2023-11-22 14:46:51.090,OBZ020,23277,2023-11-22 14:46:51.090,202312,OB202312008,XVE2,南區電銷,0.0
OBZ020,23277,2023-11-22 14:46:51.090,OBZ020,23277,2023-11-22 14:46:51.090,202312,OB202312008,XVE3,北區電銷2,0.0
OBZ020,23277,2023-11-22 14:46:51.090,OBZ020,23277,2023-11-22 14:46:51.090,202312,OB202312008,XVE4,中區電銷1,0.0
OBZ020,23277,2023-11-22 14:46:51.090,OBZ020,23277,2023-11-22 14:46:51.090,202312,OB202312008,XVE5,北區電銷3,59.0
OBZ020,23277,2023-11-22 14:46:51.090,OBZ020,23277,2023-11-22 14:46:51.090,202312,OB202312008,XVE6,中區電銷2,41.0
OBZ020,23277,2023-12-22 09:12:57.790,OBZ020,23277,2023-12-22 09:12:57.790,202401,OB202401001,XVE1,北區電銷1,34.0
OBZ020,23277,2023-12-22 09:12:57.790,OBZ020,23277,2023-12-22 09:12:57.790,202401,OB202401001,XVE2,南區電銷,34.0
OBZ020,23277,2023-12-22 09:12:57.790,OBZ020,23277,2023-12-22 09:12:57.790,202401,OB202401001,XVE3,北區電銷2,12.0
OBZ020,23277,2023-12-22 09:12:57.790,OBZ020,23277,2023-12-22 09:12:57.790,202401,OB202401001,XVE4,中區電銷1,20.0
OBZ020,23277,2023-12-22 09:12:57.790,OBZ020,23277,2023-12-22 09:12:57.790,202401,OB202401001,XVE5,北區電銷3,0.0
OBZ020,23277,2023-12-22 09:12:57.790,OBZ020,23277,2023-12-22 09:12:57.790,202401,OB202401001,XVE6,中區電銷2,0.0
OBZ020,23277,2023-12-22 09:13:20.073,OBZ020,23277,2023-12-22 09:13:20.073,202401,OB202401008,XVE1,北區電銷1,0.0
OBZ020,23277,2023-12-22 09:13:20.073,OBZ020,23277,2023-12-22 09:13:20.073,202401,OB202401008,XVE2,南區電銷,0.0
OBZ020,23277,2023-12-22 09:13:20.073,OBZ020,23277,2023-12-22 09:13:20.073,202401,OB202401008,XVE3,北區電銷2,0.0
OBZ020,23277,2023-12-22 09:13:20.073,OBZ020,23277,2023-12-22 09:13:20.073,202401,OB202401008,XVE4,中區電銷1,0.0
OBZ020,23277,2023-12-22 09:13:20.073,OBZ020,23277,2023-12-22 09:13:20.073,202401,OB202401008,XVE5,北區電銷3,55.0
OBZ020,23277,2023-12-22 09:13:20.073,OBZ020,23277,2023-12-22 09:13:20.073,202401,OB202401008,XVE6,中區電銷2,45.0
OBZ020,23277,2024-01-02 08:58:48.297,OBZ020,23277,2024-01-02 08:58:48.297,202402,OB202402001,XVE1,北區電銷1,34.0
OBZ020,23277,2024-01-02 08:58:48.297,OBZ020,23277,2024-01-02 08:58:48.297,202402,OB202402001,XVE2,南區電銷,34.0
OBZ020,23277,2024-01-02 08:58:48.297,OBZ020,23277,2024-01-02 08:58:48.297,202402,OB202402001,XVE3,北區電銷2,12.0
OBZ020,23277,2024-01-02 08:58:48.297,OBZ020,23277,2024-01-02 08:58:48.297,202402,OB202402001,XVE4,中區電銷1,20.0
OBZ020,23277,2024-01-02 08:58:48.297,OBZ020,23277,2024-01-02 08:58:48.297,202402,OB202402001,XVE5,北區電銷3,0.0
OBZ020,23277,2024-01-02 08:58:48.297,OBZ020,23277,2024-01-02 08:58:48.297,202402,OB202402001,XVE6,中區電銷2,0.0
OBZ020,23277,2024-01-02 08:59:16.203,OBZ020,23277,2024-01-02 08:59:16.203,202402,OB202402008,XVE1,北區電銷1,0.0
OBZ020,23277,2024-01-02 08:59:16.203,OBZ020,23277,2024-01-02 08:59:16.203,202402,OB202402008,XVE2,南區電銷,0.0
OBZ020,23277,2024-01-02 08:59:16.203,OBZ020,23277,2024-01-02 08:59:16.203,202402,OB202402008,XVE3,北區電銷2,0.0
OBZ020,23277,2024-01-02 08:59:16.203,OBZ020,23277,2024-01-02 08:59:16.203,202402,OB202402008,XVE4,中區電銷1,0.0
OBZ020,23277,2024-01-02 08:59:16.203,OBZ020,23277,2024-01-02 08:59:16.203,202402,OB202402008,XVE5,北區電銷3,55.0
OBZ020,23277,2024-01-02 08:59:16.203,OBZ020,23277,2024-01-02 08:59:16.203,202402,OB202402008,XVE6,中區電銷2,45.0
OBZ020,23277,2024-02-23 09:26:50.073,OBZ020,23277,2024-02-23 09:26:50.073,202403,OB202403001,XVE1,北區電銷1,34.0
OBZ020,23277,2024-02-23 09:26:50.073,OBZ020,23277,2024-02-23 09:26:50.073,202403,OB202403001,XVE2,南區電銷,35.0
OBZ020,23277,2024-02-23 09:26:50.073,OBZ020,23277,2024-02-23 09:26:50.073,202403,OB202403001,XVE3,北區電銷2,12.0
OBZ020,23277,2024-02-23 09:26:50.073,OBZ020,23277,2024-02-23 09:26:50.073,202403,OB202403001,XVE4,中區電銷1,19.0
OBZ020,23277,2024-02-23 09:26:50.073,OBZ020,23277,2024-02-23 09:26:50.073,202403,OB202403001,XVE5,北區電銷3,0.0
OBZ020,23277,2024-02-23 09:26:50.073,OBZ020,23277,2024-02-23 09:26:50.073,202403,OB202403001,XVE6,中區電銷2,0.0
OBZ020,23277,2024-02-23 09:27:19.653,OBZ020,23277,2024-02-23 09:27:19.653,202403,OB202403008,XVE1,北區電銷1,0.0
OBZ020,23277,2024-02-23 09:27:19.653,OBZ020,23277,2024-02-23 09:27:19.653,202403,OB202403008,XVE2,南區電銷,0.0
OBZ020,23277,2024-02-23 09:27:19.653,OBZ020,23277,2024-02-23 09:27:19.653,202403,OB202403008,XVE3,北區電銷2,0.0
OBZ020,23277,2024-02-23 09:27:19.653,OBZ020,23277,2024-02-23 09:27:19.653,202403,OB202403008,XVE4,中區電銷1,0.0
OBZ020,23277,2024-02-23 09:27:19.653,OBZ020,23277,2024-02-23 09:27:19.653,202403,OB202403008,XVE5,北區電銷3,52.0
OBZ020,23277,2024-02-23 09:27:19.653,OBZ020,23277,2024-02-23 09:27:19.653,202403,OB202403008,XVE6,中區電銷2,48.0
OBZ020,23277,2024-03-25 08:55:26.780,OBZ020,23277,2024-03-25 08:55:26.780,202404,OB202404001,XVE1,北區電銷1,34.0
OBZ020,23277,2024-03-25 08:55:26.780,OBZ020,23277,2024-03-25 08:55:26.780,202404,OB202404001,XVE2,南區電銷,35.0
OBZ020,23277,2024-03-25 08:55:26.780,OBZ020,23277,2024-03-25 08:55:26.780,202404,OB202404001,XVE3,北區電銷2,12.0
OBZ020,23277,2024-03-25 08:55:26.780,OBZ020,23277,2024-03-25 08:55:26.780,202404,OB202404001,XVE4,中區電銷1,19.0
OBZ020,23277,2024-03-25 08:55:26.780,OBZ020,23277,2024-03-25 08:55:26.780,202404,OB202404001,XVE5,北區電銷3,0.0
OBZ020,23277,2024-03-25 08:55:26.780,OBZ020,23277,2024-03-25 08:55:26.780,202404,OB202404001,XVE6,中區電銷2,0.0
OBZ020,23277,2024-03-25 08:56:02.313,OBZ020,23277,2024-03-25 08:56:02.313,202404,OB202404008,XVE1,北區電銷1,0.0
OBZ020,23277,2024-03-25 08:56:02.313,OBZ020,23277,2024-03-25 08:56:02.313,202404,OB202404008,XVE2,南區電銷,0.0
OBZ020,23277,2024-03-25 08:56:02.313,OBZ020,23277,2024-03-25 08:56:02.313,202404,OB202404008,XVE3,北區電銷2,0.0
OBZ020,23277,2024-03-25 08:56:02.313,OBZ020,23277,2024-03-25 08:56:02.313,202404,OB202404008,XVE4,中區電銷1,0.0
OBZ020,23277,2024-03-25 08:56:02.313,OBZ020,23277,2024-03-25 08:56:02.313,202404,OB202404008,XVE5,北區電銷3,52.0
OBZ020,23277,2024-03-25 08:56:02.313,OBZ020,23277,2024-03-25 08:56:02.313,202404,OB202404008,XVE6,中區電銷2,48.0
OBZ020,23277,2024-04-23 09:04:30.630,OBZ020,23277,2024-04-23 09:04:30.630,202405,OB202405001,XVE1,北區電銷1,34.0
OBZ020,23277,2024-04-23 09:04:30.630,OBZ020,23277,2024-04-23 09:04:30.630,202405,OB202405001,XVE2,南區電銷,34.0
OBZ020,23277,2024-04-23 09:04:30.630,OBZ020,23277,2024-04-23 09:04:30.630,202405,OB202405001,XVE3,北區電銷2,12.0
OBZ020,23277,2024-04-23 09:04:30.630,OBZ020,23277,2024-04-23 09:04:30.630,202405,OB202405001,XVE4,中區電銷1,20.0
OBZ020,23277,2024-04-23 09:04:30.630,OBZ020,23277,2024-04-23 09:04:30.630,202405,OB202405001,XVE5,北區電銷3,0.0
OBZ020,23277,2024-04-23 09:04:30.630,OBZ020,23277,2024-04-23 09:04:30.630,202405,OB202405001,XVE6,中區電銷2,0.0
OBZ020,23277,2024-04-23 09:05:05.510,OBZ020,23277,2024-04-23 09:05:05.510,202405,OB202405008,XVE1,北區電銷1,0.0
OBZ020,23277,2024-04-23 09:05:05.510,OBZ020,23277,2024-04-23 09:05:05.510,202405,OB202405008,XVE2,南區電銷,0.0
OBZ020,23277,2024-04-23 09:05:05.510,OBZ020,23277,2024-04-23 09:05:05.510,202405,OB202405008,XVE3,北區電銷2,0.0
OBZ020,23277,2024-04-23 09:05:05.510,OBZ020,23277,2024-04-23 09:05:05.510,202405,OB202405008,XVE4,中區電銷1,0.0
OBZ020,23277,2024-04-23 09:05:05.510,OBZ020,23277,2024-04-23 09:05:05.510,202405,OB202405008,XVE5,北區電銷3,50.0
OBZ020,23277,2024-04-23 09:05:05.510,OBZ020,23277,2024-04-23 09:05:05.510,202405,OB202405008,XVE6,中區電銷2,50.0
OBZ020,23277,2024-05-28 10:05:23.750,OBZ020,23277,2024-05-28 10:05:23.750,202406,OB202406001,XVE1,北區電銷1,36.0
OBZ020,23277,2024-05-28 10:05:23.750,OBZ020,23277,2024-05-28 10:05:23.750,202406,OB202406001,XVE2,南區電銷,36.0
OBZ020,23277,2024-05-28 10:05:23.750,OBZ020,23277,2024-05-28 10:05:23.750,202406,OB202406001,XVE3,北區電銷2,7.0
OBZ020,23277,2024-05-28 10:05:23.750,OBZ020,23277,2024-05-28 10:05:23.750,202406,OB202406001,XVE4,中區電銷1,21.0
OBZ020,23277,2024-05-28 10:05:23.750,OBZ020,23277,2024-05-28 10:05:23.750,202406,OB202406001,XVE5,北區電銷3,0.0
OBZ020,23277,2024-05-28 10:05:23.750,OBZ020,23277,2024-05-28 10:05:23.750,202406,OB202406001,XVE6,中區電銷2,0.0
OBZ020,23277,2024-05-28 10:05:38.797,OBZ020,23277,2024-05-28 10:05:38.797,202406,OB202406008,XVE1,北區電銷1,0.0
OBZ020,23277,2024-05-28 10:05:38.797,OBZ020,23277,2024-05-28 10:05:38.797,202406,OB202406008,XVE2,南區電銷,0.0
OBZ020,23277,2024-05-28 10:05:38.797,OBZ020,23277,2024-05-28 10:05:38.797,202406,OB202406008,XVE3,北區電銷2,0.0
OBZ020,23277,2024-05-28 10:05:38.797,OBZ020,23277,2024-05-28 10:05:38.797,202406,OB202406008,XVE4,中區電銷1,0.0
OBZ020,23277,2024-05-28 10:05:38.797,OBZ020,23277,2024-05-28 10:05:38.797,202406,OB202406008,XVE5,北區電銷3,42.0
OBZ020,23277,2024-05-28 10:05:38.797,OBZ020,23277,2024-05-28 10:05:38.797,202406,OB202406008,XVE6,中區電銷2,58.0
OBZ020,23277,2024-06-26 11:30:58.193,OBZ020,23277,2024-06-26 11:30:58.193,202407,OB202407001,XVE1,北區電銷1,36.0
OBZ020,23277,2024-06-26 11:30:58.193,OBZ020,23277,2024-06-26 11:30:58.193,202407,OB202407001,XVE2,南區電銷,37.5
OBZ020,23277,2024-06-26 11:30:58.193,OBZ020,23277,2024-06-26 11:30:58.193,202407,OB202407001,XVE3,北區電銷2,5.5
OBZ020,23277,2024-06-26 11:30:58.193,OBZ020,23277,2024-06-26 11:30:58.193,202407,OB202407001,XVE4,中區電銷1,21.0
OBZ020,23277,2024-06-26 11:30:58.193,OBZ020,23277,2024-06-26 11:30:58.193,202407,OB202407001,XVE5,北區電銷3,0.0
OBZ020,23277,2024-06-26 11:30:58.193,OBZ020,23277,2024-06-26 11:30:58.193,202407,OB202407001,XVE6,中區電銷2,0.0
OBZ020,23277,2024-06-26 11:31:11.913,OBZ020,23277,2024-06-26 11:31:11.913,202407,OB202407008,XVE1,北區電銷1,0.0
OBZ020,23277,2024-06-26 11:31:11.913,OBZ020,23277,2024-06-26 11:31:11.913,202407,OB202407008,XVE2,南區電銷,0.0
OBZ020,23277,2024-06-26 11:31:11.913,OBZ020,23277,2024-06-26 11:31:11.913,202407,OB202407008,XVE3,北區電銷2,0.0
OBZ020,23277,2024-06-26 11:31:11.913,OBZ020,23277,2024-06-26 11:31:11.913,202407,OB202407008,XVE4,中區電銷1,0.0
OBZ020,23277,2024-06-26 11:31:11.913,OBZ020,23277,2024-06-26 11:31:11.913,202407,OB202407008,XVE5,北區電銷3,42.0
OBZ020,23277,2024-06-26 11:31:11.913,OBZ020,23277,2024-06-26 11:31:11.913,202407,OB202407008,XVE6,中區電銷2,58.0
OBZ020,23277,2024-07-30 11:33:39.720,OBZ020,23212,2024-07-30 11:33:39.720,202408,OB202408001,XVE1,北區電銷1,34.1
OBZ020,23277,2024-07-30 11:33:39.720,OBZ020,23212,2024-07-30 11:33:39.720,202408,OB202408001,XVE2,南區電銷,31.8
OBZ020,23277,2024-07-30 11:33:39.720,OBZ020,23277,2024-07-30 11:33:39.720,202408,OB202408001,XVE3,北區電銷2,4.5
OBZ020,23277,2024-07-30 11:33:39.720,OBZ020,23212,2024-07-30 11:33:39.720,202408,OB202408001,XVE4,中區電銷1,17.1
OBZ020,23277,2024-07-30 11:33:39.720,OBZ020,23212,2024-07-30 11:33:39.720,202408,OB202408001,XVE5,北區電銷3,8.0
OBZ020,23277,2024-07-30 11:33:39.720,OBZ020,23277,2024-07-30 11:33:39.720,202408,OB202408001,XVE6,中區電銷2,4.5
OBZ020,23277,2024-07-30 11:33:57.140,OBZ020,23212,2024-07-30 11:33:57.140,202408,OB202408008,XVE1,北區電銷1,34.1
OBZ020,23277,2024-07-30 11:33:57.140,OBZ020,23212,2024-07-30 11:33:57.140,202408,OB202408008,XVE2,南區電銷,31.8
OBZ020,23277,2024-07-30 11:33:57.140,OBZ020,23277,2024-07-30 11:33:57.140,202408,OB202408008,XVE3,北區電銷2,4.5
OBZ020,23277,2024-07-30 11:33:57.140,OBZ020,23212,2024-07-30 11:33:57.140,202408,OB202408008,XVE4,中區電銷1,17.1
OBZ020,23277,2024-07-30 11:33:57.140,OBZ020,23212,2024-07-30 11:33:57.140,202408,OB202408008,XVE5,北區電銷3,8.0
OBZ020,23277,2024-07-30 11:33:57.140,OBZ020,23277,2024-07-30 11:33:57.140,202408,OB202408008,XVE6,中區電銷2,4.5
OBZ020,23277,2024-08-30 09:48:39.093,OBZ020,23277,2024-08-30 09:48:39.093,202409,OB202409001,XVE1,北區電銷1,35.0
OBZ020,23277,2024-08-30 09:48:39.093,OBZ020,23277,2024-08-30 09:48:39.093,202409,OB202409001,XVE2,南區電銷,32.0
OBZ020,23277,2024-08-30 09:48:39.093,OBZ020,23277,2024-08-30 09:48:39.093,202409,OB202409001,XVE3,北區電銷2,11.0
OBZ020,23277,2024-08-30 09:48:39.093,OBZ020,23277,2024-08-30 09:48:39.093,202409,OB202409001,XVE4,中區電銷1,22.0
OBZ020,23277,2024-08-30 09:48:39.093,OBZ020,23277,2024-08-30 09:48:39.093,202409,OB202409001,XVE5,北區電銷3,0.0
OBZ020,23277,2024-08-30 09:48:39.093,OBZ020,23277,2024-08-30 09:48:39.093,202409,OB202409001,XVE6,中區電銷2,0.0
OBZ020,23277,2024-08-30 09:49:22.530,OBZ020,23277,2024-08-30 09:49:22.530,202409,OB202409008,XVE1,北區電銷1,35.0
OBZ020,23277,2024-08-30 09:49:22.530,OBZ020,23277,2024-08-30 09:49:22.530,202409,OB202409008,XVE2,南區電銷,32.0
OBZ020,23277,2024-08-30 09:49:22.530,OBZ020,23277,2024-08-30 09:49:22.530,202409,OB202409008,XVE3,北區電銷2,11.0
OBZ020,23277,2024-08-30 09:49:22.530,OBZ020,23277,2024-08-30 09:49:22.530,202409,OB202409008,XVE4,中區電銷1,22.0
OBZ020,23277,2024-08-30 09:49:22.530,OBZ020,23277,2024-08-30 09:49:22.530,202409,OB202409008,XVE5,北區電銷3,0.0
OBZ020,23277,2024-08-30 09:49:22.530,OBZ020,23277,2024-08-30 09:49:22.530,202409,OB202409008,XVE6,中區電銷2,0.0
OBZ020,23277,2024-09-26 11:24:32.600,OBZ020,23277,2024-09-26 11:24:32.600,202410,OB202410001,XVE1,北區電銷1,35.5
OBZ020,23277,2024-09-26 11:24:32.600,OBZ020,23277,2024-09-26 11:24:32.600,202410,OB202410001,XVE2,南區電銷,30.0
OBZ020,23277,2024-09-26 11:24:32.600,OBZ020,23277,2024-09-26 11:24:32.600,202410,OB202410001,XVE3,北區電銷2,12.5
OBZ020,23277,2024-09-26 11:24:32.600,OBZ020,23277,2024-09-26 11:24:32.600,202410,OB202410001,XVE4,中區電銷1,22.0
OBZ020,23277,2024-09-26 11:24:32.600,OBZ020,23277,2024-09-26 11:24:32.600,202410,OB202410001,XVE5,北區電銷3,0.0
OBZ020,23277,2024-09-26 11:24:32.600,OBZ020,23277,2024-09-26 11:24:32.600,202410,OB202410001,XVE6,中區電銷2,0.0
OBZ020,23277,2024-09-26 11:24:50.663,OBZ020,23277,2024-09-26 11:24:50.663,202410,OB202410008,XVE1,北區電銷1,35.5
OBZ020,23277,2024-09-26 11:24:50.663,OBZ020,23277,2024-09-26 11:24:50.663,202410,OB202410008,XVE2,南區電銷,29.5
OBZ020,23277,2024-09-26 11:24:50.663,OBZ020,23277,2024-09-26 11:24:50.663,202410,OB202410008,XVE3,北區電銷2,12.5
OBZ020,23277,2024-09-26 11:24:50.663,OBZ020,23277,2024-09-26 11:24:50.663,202410,OB202410008,XVE4,中區電銷1,22.5
OBZ020,23277,2024-09-26 11:24:50.663,OBZ020,23277,2024-09-26 11:24:50.663,202410,OB202410008,XVE5,北區電銷3,0.0
OBZ020,23277,2024-09-26 11:24:50.663,OBZ020,23277,2024-09-26 11:24:50.663,202410,OB202410008,XVE6,中區電銷2,0.0
OBZ020,23277,2024-10-28 09:53:40.500,OBZ020,23277,2024-10-28 09:53:40.500,202411,OB202411001,XVE1,北區電銷1,37.5
OBZ020,23277,2024-10-28 09:53:40.500,OBZ020,23277,2024-10-28 09:53:40.500,202411,OB202411001,XVE2,南區電銷,34.5
OBZ020,23277,2024-10-28 09:53:40.500,OBZ020,23277,2024-10-28 09:53:40.500,202411,OB202411001,XVE3,北區電銷2,13.0
OBZ020,23277,2024-10-28 09:53:40.500,OBZ020,23277,2024-10-28 09:53:40.500,202411,OB202411001,XVE4,中區電銷1,15.0
OBZ020,23277,2024-10-28 09:53:40.500,OBZ020,23277,2024-10-28 09:53:40.500,202411,OB202411001,XVE5,北區電銷3,0.0
OBZ020,23277,2024-10-28 09:53:40.500,OBZ020,23277,2024-10-28 09:53:40.500,202411,OB202411001,XVE6,中區電銷2,0.0
OBZ020,23277,2024-10-28 09:54:16.970,OBZ020,23277,2024-10-28 09:54:16.970,202411,OB202411008,XVE1,北區電銷1,37.5
OBZ020,23277,2024-10-28 09:54:16.970,OBZ020,23277,2024-10-28 09:54:16.970,202411,OB202411008,XVE2,南區電銷,34.5
OBZ020,23277,2024-10-28 09:54:16.970,OBZ020,23277,2024-10-28 09:54:16.970,202411,OB202411008,XVE3,北區電銷2,13.0
OBZ020,23277,2024-10-28 09:54:16.970,OBZ020,23277,2024-10-28 09:54:16.970,202411,OB202411008,XVE4,中區電銷1,15.0
OBZ020,23277,2024-10-28 09:54:16.970,OBZ020,23277,2024-10-28 09:54:16.970,202411,OB202411008,XVE5,北區電銷3,0.0
OBZ020,23277,2024-10-28 09:54:16.970,OBZ020,23277,2024-10-28 09:54:16.970,202411,OB202411008,XVE6,中區電銷2,0.0
OBZ020,23277,2024-11-26 10:09:06.070,OBZ020,23277,2024-11-26 10:09:06.070,202412,OB202412001,XVE1,北區電銷1,37.5
OBZ020,23277,2024-11-26 10:09:06.070,OBZ020,23277,2024-11-26 10:09:06.070,202412,OB202412001,XVE2,南區電銷,34.0
OBZ020,23277,2024-11-26 10:09:06.070,OBZ020,23277,2024-11-26 10:09:06.070,202412,OB202412001,XVE3,北區電銷2,13.0
OBZ020,23277,2024-11-26 10:09:06.070,OBZ020,23277,2024-11-26 10:09:06.070,202412,OB202412001,XVE4,中區電銷1,15.5
OBZ020,23277,2024-11-26 10:09:21.490,OBZ020,23277,2024-11-26 10:09:21.490,202412,OB202412008,XVE1,北區電銷1,37.5
OBZ020,23277,2024-11-26 10:09:21.490,OBZ020,23277,2024-11-26 10:09:21.490,202412,OB202412008,XVE2,南區電銷,34.0
OBZ020,23277,2024-11-26 10:09:21.490,OBZ020,23277,2024-11-26 10:09:21.490,202412,OB202412008,XVE3,北區電銷2,13.0
OBZ020,23277,2024-11-26 10:09:21.490,OBZ020,23277,2024-11-26 10:09:21.490,202412,OB202412008,XVE4,中區電銷1,15.5
OBZ020,23277,2024-12-31 10:23:36.240,OBZ020,23277,2024-12-31 10:23:36.240,202501,OB202501001,XVE1,北區電銷1,38.0
OBZ020,23277,2024-12-31 10:23:36.240,OBZ020,23277,2024-12-31 10:23:36.240,202501,OB202501001,XVE2,南區電銷,34.0
OBZ020,23277,2024-12-31 10:23:36.240,OBZ020,23277,2024-12-31 10:23:36.240,202501,OB202501001,XVE3,北區電銷2,13.0
OBZ020,23277,2024-12-31 10:23:36.240,OBZ020,23277,2024-12-31 10:23:36.240,202501,OB202501001,XVE4,中區電銷1,15.0
OBZ020,23277,2024-12-31 10:23:58.080,OBZ020,23277,2024-12-31 10:23:58.080,202501,OB202501008,XVE1,北區電銷1,38.0
OBZ020,23277,2024-12-31 10:23:58.080,OBZ020,23277,2024-12-31 10:23:58.080,202501,OB202501008,XVE2,南區電銷,34.0
OBZ020,23277,2024-12-31 10:23:58.080,OBZ020,23277,2024-12-31 10:23:58.080,202501,OB202501008,XVE3,北區電銷2,13.0
OBZ020,23277,2024-12-31 10:23:58.080,OBZ020,23277,2024-12-31 10:23:58.080,202501,OB202501008,XVE4,中區電銷1,15.0
OBZ020,23212,2025-01-24 15:04:27.207,OBZ020,23277,2025-01-24 15:04:27.207,202502,OB202502001,XVE1,北區電銷1,38.3
OBZ020,23212,2025-01-24 15:04:27.207,OBZ020,23277,2025-01-24 15:04:27.207,202502,OB202502001,XVE2,南區電銷,34.0
OBZ020,23212,2025-01-24 15:04:27.207,OBZ020,23277,2025-01-24 15:04:27.207,202502,OB202502001,XVE3,北區電銷2,13.1
OBZ020,23212,2025-01-24 15:04:27.207,OBZ020,23277,2025-01-24 15:04:27.207,202502,OB202502001,XVE4,中區電銷1,14.6
OBZ020,23277,2025-01-24 15:40:41.770,OBZ020,23277,2025-01-24 15:40:41.770,202502,OB202502008,XVE1,北區電銷1,38.3
OBZ020,23277,2025-01-24 15:40:41.770,OBZ020,23277,2025-01-24 15:40:41.770,202502,OB202502008,XVE2,南區電銷,34.0
OBZ020,23277,2025-01-24 15:40:41.770,OBZ020,23277,2025-01-24 15:40:41.770,202502,OB202502008,XVE3,北區電銷2,13.1
OBZ020,23277,2025-01-24 15:40:41.770,OBZ020,23277,2025-01-24 15:40:41.770,202502,OB202502008,XVE4,中區電銷1,14.6
OBZ020,23277,2025-02-26 11:54:42.390,OBZ020,23277,2025-02-26 11:54:42.390,202503,OB202503001,XVE1,北區電銷1,35.9
OBZ020,23277,2025-02-26 11:54:42.390,OBZ020,23277,2025-02-26 11:54:42.390,202503,OB202503001,XVE2,南區電銷,33.2
OBZ020,23277,2025-02-26 11:54:42.390,OBZ020,23277,2025-02-26 11:54:42.390,202503,OB202503001,XVE3,北區電銷2,15.4
OBZ020,23277,2025-02-26 11:54:42.390,OBZ020,23277,2025-02-26 11:54:42.390,202503,OB202503001,XVE4,中區電銷1,15.5
OBZ020,23277,2025-02-26 11:55:08.953,OBZ020,23277,2025-02-26 11:55:08.953,202503,OB202503008,XVE1,北區電銷1,36.2
OBZ020,23277,2025-02-26 11:55:08.953,OBZ020,23277,2025-02-26 11:55:08.953,202503,OB202503008,XVE2,南區電銷,33.2
OBZ020,23277,2025-02-26 11:55:08.953,OBZ020,23277,2025-02-26 11:55:08.953,202503,OB202503008,XVE3,北區電銷2,15.3
OBZ020,23277,2025-02-26 11:55:08.953,OBZ020,23277,2025-02-26 11:55:08.953,202503,OB202503008,XVE4,中區電銷1,15.3
OBZ020,23277,2025-03-28 09:09:49.143,OBZ020,23277,2025-03-28 09:09:49.143,202504,OB202504001,XVE1,北區電銷1,36.3
OBZ020,23277,2025-03-28 09:09:49.143,OBZ020,23277,2025-03-28 09:09:49.143,202504,OB202504001,XVE2,南區電銷,33.5
OBZ020,23277,2025-03-28 09:09:49.143,OBZ020,23277,2025-03-28 09:09:49.143,202504,OB202504001,XVE3,北區電銷2,14.5
OBZ020,23277,2025-03-28 09:09:49.143,OBZ020,23277,2025-03-28 09:09:49.143,202504,OB202504001,XVE4,中區電銷1,15.7
OBZ020,23277,2025-03-28 09:10:23.767,OBZ020,23277,2025-03-28 09:10:23.767,202504,OB202504008,XVE1,北區電銷1,36.3
OBZ020,23277,2025-03-28 09:10:23.767,OBZ020,23277,2025-03-28 09:10:23.767,202504,OB202504008,XVE2,南區電銷,33.5
OBZ020,23277,2025-03-28 09:10:23.767,OBZ020,23277,2025-03-28 09:10:23.767,202504,OB202504008,XVE3,北區電銷2,14.5
OBZ020,23277,2025-03-28 09:10:23.767,OBZ020,23277,2025-03-28 09:10:23.767,202504,OB202504008,XVE4,中區電銷1,15.7
OBZ020,23277,2025-04-24 10:37:06.527,OBZ020,23277,2025-04-24 10:37:06.527,202505,OB202505001,XVE1,北區電銷1,36.6
OBZ020,23277,2025-04-24 10:37:06.527,OBZ020,23277,2025-04-24 10:37:06.527,202505,OB202505001,XVE2,南區電銷,33.1
OBZ020,23277,2025-04-24 10:37:06.527,OBZ020,23277,2025-04-24 10:37:06.527,202505,OB202505001,XVE3,北區電銷2,14.4
OBZ020,23277,2025-04-24 10:37:06.527,OBZ020,23277,2025-04-24 10:37:06.527,202505,OB202505001,XVE4,中區電銷1,15.9
OBZ020,23277,2025-04-24 10:37:20.823,OBZ020,23277,2025-04-24 10:37:20.823,202505,OB202505008,XVE1,北區電銷1,36.6
OBZ020,23277,2025-04-24 10:37:20.823,OBZ020,23277,2025-04-24 10:37:20.823,202505,OB202505008,XVE2,南區電銷,33.1
OBZ020,23277,2025-04-24 10:37:20.823,OBZ020,23277,2025-04-24 10:37:20.823,202505,OB202505008,XVE3,北區電銷2,14.4
OBZ020,23277,2025-04-24 10:37:20.823,OBZ020,23277,2025-04-24 10:37:20.823,202505,OB202505008,XVE4,中區電銷1,15.9
OBZ020,23277,2025-05-27 17:46:54.523,OBZ020,23212,2025-05-27 17:46:54.523,202506,OB202506001,XVE1,北區電銷1,36.7
OBZ020,23277,2025-05-27 17:46:54.523,OBZ020,23212,2025-05-27 17:46:54.523,202506,OB202506001,XVE2,南區電銷,33.5
OBZ020,23277,2025-05-27 17:46:54.523,OBZ020,23212,2025-05-27 17:46:54.523,202506,OB202506001,XVE3,北區電銷2,13.8
OBZ020,23277,2025-05-27 17:46:54.523,OBZ020,23212,2025-05-27 17:46:54.523,202506,OB202506001,XVE4,中區電銷1,16.0
OBZ020,23277,2025-05-27 17:47:13.430,OBZ020,23212,2025-05-27 17:47:13.430,202506,OB202506008,XVE1,北區電銷1,36.7
OBZ020,23277,2025-05-27 17:47:13.430,OBZ020,23212,2025-05-27 17:47:13.430,202506,OB202506008,XVE2,南區電銷,33.5
OBZ020,23277,2025-05-27 17:47:13.430,OBZ020,23212,2025-05-27 17:47:13.430,202506,OB202506008,XVE3,北區電銷2,13.8
OBZ020,23277,2025-05-27 17:47:13.430,OBZ020,23212,2025-05-27 17:47:13.430,202506,OB202506008,XVE4,中區電銷1,16.0
OBZ020,23277,2025-06-26 09:46:17.410,OBZ020,23277,2025-06-26 09:46:17.410,202507,OB202507001,XVE1,北區電銷1,36.8
OBZ020,23277,2025-06-26 09:46:17.410,OBZ020,23277,2025-06-26 09:46:17.410,202507,OB202507001,XVE2,南區電銷,33.8
OBZ020,23277,2025-06-26 09:46:17.410,OBZ020,23277,2025-06-26 09:46:17.410,202507,OB202507001,XVE3,北區電銷2,13.9
OBZ020,23277,2025-06-26 09:46:17.410,OBZ020,23277,2025-06-26 09:46:17.410,202507,OB202507001,XVE4,中區電銷1,15.5
OBZ020,23277,2025-06-26 09:46:54.893,OBZ020,23277,2025-06-26 09:46:54.893,202507,OB202507008,XVE1,北區電銷1,36.5
OBZ020,23277,2025-06-26 09:46:54.893,OBZ020,23277,2025-06-26 09:46:54.893,202507,OB202507008,XVE2,南區電銷,33.0
OBZ020,23277,2025-06-26 09:46:54.893,OBZ020,23277,2025-06-26 09:46:54.893,202507,OB202507008,XVE3,北區電銷2,13.5
OBZ020,23277,2025-06-26 09:46:54.893,OBZ020,23277,2025-06-26 09:46:54.893,202507,OB202507008,XVE4,中區電銷1,17.0
OBZ020,23277,2025-07-25 13:13:44.063,OBZ020,23277,2025-07-25 13:13:44.063,202508,OB202508001,XVE1,北區電銷1,35.7
OBZ020,23277,2025-07-25 13:13:44.063,OBZ020,23277,2025-07-25 13:13:44.063,202508,OB202508001,XVE2,南區電銷,35.0
OBZ020,23277,2025-07-25 13:13:44.063,OBZ020,23277,2025-07-25 13:13:44.063,202508,OB202508001,XVE3,北區電銷2,14.0
OBZ020,23277,2025-07-25 13:13:44.063,OBZ020,23277,2025-07-25 13:13:44.063,202508,OB202508001,XVE4,中區電銷1,15.3
OBZ020,23277,2025-07-25 13:13:59.893,OBZ020,23277,2025-07-25 13:13:59.893,202508,OB202508008,XVE1,北區電銷1,35.6
OBZ020,23277,2025-07-25 13:13:59.893,OBZ020,23277,2025-07-25 13:13:59.893,202508,OB202508008,XVE2,南區電銷,35.0
OBZ020,23277,2025-07-25 13:13:59.893,OBZ020,23277,2025-07-25 13:13:59.893,202508,OB202508008,XVE3,北區電銷2,14.1
OBZ020,23277,2025-07-25 13:13:59.893,OBZ020,23277,2025-07-25 13:13:59.893,202508,OB202508008,XVE4,中區電銷1,15.3
OBZ020,23770,2025-08-27 13:08:15.740,OBZ020,23770,2025-08-27 13:08:15.740,202509,OB202509001,XVE1,北區電銷1,34.7
OBZ020,23770,2025-08-27 13:08:15.740,OBZ020,23770,2025-08-27 13:08:15.740,202509,OB202509001,XVE2,南區電銷,34.7
OBZ020,23770,2025-08-27 13:08:15.740,OBZ020,23770,2025-08-27 13:08:15.740,202509,OB202509001,XVE3,北區電銷2,15.2
OBZ020,23770,2025-08-27 13:08:15.740,OBZ020,23770,2025-08-27 13:08:15.740,202509,OB202509001,XVE4,中區電銷1,15.4
OBZ020,23770,2025-08-27 13:09:02.523,OBZ020,23770,2025-08-27 13:09:02.523,202509,OB202509008,XVE1,北區電銷1,34.7
OBZ020,23770,2025-08-27 13:09:02.523,OBZ020,23770,2025-08-27 13:09:02.523,202509,OB202509008,XVE2,南區電銷,34.7
OBZ020,23770,2025-08-27 13:09:02.523,OBZ020,23770,2025-08-27 13:09:02.523,202509,OB202509008,XVE3,北區電銷2,15.2
OBZ020,23770,2025-08-27 13:09:02.523,OBZ020,23770,2025-08-27 13:09:02.523,202509,OB202509008,XVE4,中區電銷1,15.4
OBZ020,23770,2025-09-26 17:25:33.967,OBZ020,23770,2025-09-26 17:25:33.967,202510,OB202510001,XVE1,北區電銷1,33.8
OBZ020,23770,2025-09-26 17:25:33.967,OBZ020,23770,2025-09-26 17:25:33.967,202510,OB202510001,XVE2,南區電銷,33.8
OBZ020,23770,2025-09-26 17:25:33.967,OBZ020,23770,2025-09-26 17:25:33.967,202510,OB202510001,XVE3,北區電銷2,16.1
OBZ020,23770,2025-09-26 17:25:33.967,OBZ020,23770,2025-09-26 17:25:33.967,202510,OB202510001,XVE4,中區電銷1,16.3
OBZ020,23770,2025-09-26 17:26:13.200,OBZ020,23770,2025-09-26 17:26:13.200,202510,OB202510008,XVE1,北區電銷1,33.8
OBZ020,23770,2025-09-26 17:26:13.200,OBZ020,23770,2025-09-26 17:26:13.200,202510,OB202510008,XVE2,南區電銷,33.8
OBZ020,23770,2025-09-26 17:26:13.200,OBZ020,23770,2025-09-26 17:26:13.200,202510,OB202510008,XVE3,北區電銷2,16.1
OBZ020,23770,2025-09-26 17:26:13.200,OBZ020,23770,2025-09-26 17:26:13.200,202510,OB202510008,XVE4,中區電銷1,16.3
OBZ020,23770,2025-10-30 21:20:06.860,OBZ020,23770,2025-10-30 21:20:06.860,202511,OB202511001,XVE1,北區電銷1,33.8
OBZ020,23770,2025-10-30 21:20:06.860,OBZ020,23770,2025-10-30 21:20:06.860,202511,OB202511001,XVE2,南區電銷,33.8
OBZ020,23770,2025-10-30 21:20:06.860,OBZ020,23770,2025-10-30 21:20:06.860,202511,OB202511001,XVE3,北區電銷2,16.2
OBZ020,23770,2025-10-30 21:20:06.860,OBZ020,23770,2025-10-30 21:20:06.860,202511,OB202511001,XVE4,中區電銷1,16.2
OBZ020,23770,2025-10-30 21:21:13.940,OBZ020,23770,2025-10-30 21:21:13.940,202511,OB202511008,XVE1,北區電銷1,33.8
OBZ020,23770,2025-10-30 21:21:13.940,OBZ020,23770,2025-10-30 21:21:13.940,202511,OB202511008,XVE2,南區電銷,33.8
OBZ020,23770,2025-10-30 21:21:13.940,OBZ020,23770,2025-10-30 21:21:13.940,202511,OB202511008,XVE3,北區電銷2,16.2
OBZ020,23770,2025-10-30 21:21:13.940,OBZ020,23770,2025-10-30 21:21:13.940,202511,OB202511008,XVE4,中區電銷1,16.2
OBZ020,23770,2025-11-26 17:26:12.923,OBZ020,23770,2025-11-26 17:26:12.923,202512,OB202512001,XVE1,北區電銷1,33.5
OBZ020,23770,2025-11-26 17:26:12.923,OBZ020,23770,2025-11-26 17:26:12.923,202512,OB202512001,XVE2,南區電銷,34.2
OBZ020,23770,2025-11-26 17:26:12.923,OBZ020,23770,2025-11-26 17:26:12.923,202512,OB202512001,XVE3,北區電銷2,16.1
OBZ020,23770,2025-11-26 17:26:12.923,OBZ020,23770,2025-11-26 17:26:12.923,202512,OB202512001,XVE4,中區電銷1,16.2
OBZ020,23770,2025-11-26 17:26:43.940,OBZ020,23770,2025-11-26 17:26:43.940,202512,OB202512008,XVE1,北區電銷1,33.5
OBZ020,23770,2025-11-26 17:26:43.940,OBZ020,23770,2025-11-26 17:26:43.940,202512,OB202512008,XVE2,南區電銷,34.2
OBZ020,23770,2025-11-26 17:26:43.940,OBZ020,23770,2025-11-26 17:26:43.940,202512,OB202512008,XVE3,北區電銷2,16.1
OBZ020,23770,2025-11-26 17:26:43.940,OBZ020,23770,2025-11-26 17:26:43.940,202512,OB202512008,XVE4,中區電銷1,16.2
OBZ020,23770,2025-12-30 10:01:51.757,OBZ020,23770,2025-12-30 10:01:51.757,202601,OB202601001,XVE1,北區電銷1,33.5
OBZ020,23770,2025-12-30 10:01:51.757,OBZ020,23770,2025-12-30 10:01:51.757,202601,OB202601001,XVE2,南區電銷,33.5
OBZ020,23770,2025-12-30 10:01:51.757,OBZ020,23770,2025-12-30 10:01:51.757,202601,OB202601001,XVE3,北區電銷2,16.2
OBZ020,23770,2025-12-30 10:01:51.757,OBZ020,23770,2025-12-30 10:01:51.757,202601,OB202601001,XVE4,中區電銷1,16.8
OBZ020,23770,2025-12-30 10:02:38.680,OBZ020,23770,2025-12-30 10:02:38.680,202601,OB202601008,XVE1,北區電銷1,33.5
OBZ020,23770,2025-12-30 10:02:38.680,OBZ020,23770,2025-12-30 10:02:38.680,202601,OB202601008,XVE2,南區電銷,33.5
OBZ020,23770,2025-12-30 10:02:38.680,OBZ020,23770,2025-12-30 10:02:38.680,202601,OB202601008,XVE3,北區電銷2,16.2
OBZ020,23770,2025-12-30 10:02:38.680,OBZ020,23770,2025-12-30 10:02:38.680,202601,OB202601008,XVE4,中區電銷1,16.8
OBZ020,23770,2026-01-28 09:41:59.120,OBZ020,23770,2026-01-28 09:41:59.120,202602,OB202602001,XVE1,北區電銷1,33.5
OBZ020,23770,2026-01-28 09:41:59.120,OBZ020,23770,2026-01-28 09:41:59.120,202602,OB202602001,XVE2,南區電銷,33.5
OBZ020,23770,2026-01-28 09:41:59.120,OBZ020,23770,2026-01-28 09:41:59.120,202602,OB202602001,XVE3,北區電銷2,16.5
OBZ020,23770,2026-01-28 09:41:59.120,OBZ020,23770,2026-01-28 09:41:59.120,202602,OB202602001,XVE4,中區電銷1,16.5
OBZ020,23770,2026-01-28 09:42:44.340,OBZ020,23770,2026-01-28 09:42:44.340,202602,OB202602008,XVE1,北區電銷1,33.5
OBZ020,23770,2026-01-28 09:42:44.340,OBZ020,23770,2026-01-28 09:42:44.340,202602,OB202602008,XVE2,南區電銷,33.5
OBZ020,23770,2026-01-28 09:42:44.340,OBZ020,23770,2026-01-28 09:42:44.340,202602,OB202602008,XVE3,北區電銷2,16.5
OBZ020,23770,2026-01-28 09:42:44.340,OBZ020,23770,2026-01-28 09:42:44.340,202602,OB202602008,XVE4,中區電銷1,16.5
OBZ020,23770,2026-02-25 18:02:27.493,OBZ020,23770,2026-02-25 18:02:27.493,202603,OB202603001,XVE1,北區電銷1,31.6
OBZ020,23770,2026-02-25 18:02:27.493,OBZ020,23770,2026-02-25 18:02:27.493,202603,OB202603001,XVE2,南區電銷,31.7
OBZ020,23770,2026-02-25 18:02:27.493,OBZ020,23770,2026-02-25 18:02:27.493,202603,OB202603001,XVE3,北區電銷2,19.4
OBZ020,23770,2026-02-25 18:02:27.493,OBZ020,23770,2026-02-25 18:02:27.493,202603,OB202603001,XVE4,中區電銷1,17.3
OBZ020,23770,2026-02-25 18:03:09.527,OBZ020,23770,2026-02-25 18:03:09.527,202603,OB202603008,XVE1,北區電銷1,31.6
OBZ020,23770,2026-02-25 18:03:09.527,OBZ020,23770,2026-02-25 18:03:09.527,202603,OB202603008,XVE2,南區電銷,31.7
OBZ020,23770,2026-02-25 18:03:09.527,OBZ020,23770,2026-02-25 18:03:09.527,202603,OB202603008,XVE3,北區電銷2,19.4
OBZ020,23770,2026-02-25 18:03:09.527,OBZ020,23770,2026-02-25 18:03:09.527,202603,OB202603008,XVE4,中區電銷1,17.3
OBZ020,23770,2026-03-30 19:25:56.807,OBZ020,23770,2026-03-30 19:25:56.807,202604,OB202604001,XVE1,北區電銷1,32.3
OBZ020,23770,2026-03-30 19:25:56.807,OBZ020,23770,2026-03-30 19:25:56.807,202604,OB202604001,XVE2,南區電銷,33.2
OBZ020,23770,2026-03-30 19:25:56.807,OBZ020,23770,2026-03-30 19:25:56.807,202604,OB202604001,XVE3,北區電銷2,17.2
OBZ020,23770,2026-03-30 19:25:56.807,OBZ020,23770,2026-03-30 19:25:56.807,202604,OB202604001,XVE4,中區電銷1,17.3
OBZ020,23770,2026-03-30 19:26:40.433,OBZ020,23770,2026-03-30 19:26:40.433,202604,OB202604008,XVE1,北區電銷1,32.3
OBZ020,23770,2026-03-30 19:26:40.433,OBZ020,23770,2026-03-30 19:26:40.433,202604,OB202604008,XVE2,南區電銷,33.2
OBZ020,23770,2026-03-30 19:26:40.433,OBZ020,23770,2026-03-30 19:26:40.433,202604,OB202604008,XVE3,北區電銷2,17.2
OBZ020,23770,2026-03-30 19:26:40.433,OBZ020,23770,2026-03-30 19:26:40.433,202604,OB202604008,XVE4,中區電銷1,17.3
OBZ020,23770,2026-04-28 13:28:15.870,OBZ020,23770,2026-04-28 13:28:15.870,202605,OB202605001,XVE1,北區電銷1,33.5
OBZ020,23770,2026-04-28 13:28:15.870,OBZ020,23770,2026-04-28 13:28:15.870,202605,OB202605001,XVE2,南區電銷,34.5
OBZ020,23770,2026-04-28 13:28:15.870,OBZ020,23770,2026-04-28 13:28:15.870,202605,OB202605001,XVE3,北區電銷2,16.5
OBZ020,23770,2026-04-28 13:28:15.870,OBZ020,23770,2026-04-28 13:28:15.870,202605,OB202605001,XVE4,中區電銷1,15.5
OBZ020,23770,2026-04-28 13:29:05.117,OBZ020,23770,2026-04-28 13:29:05.117,202605,OB202605008,XVE1,北區電銷1,30.0
OBZ020,23770,2026-04-28 13:29:05.117,OBZ020,23770,2026-04-28 13:29:05.117,202605,OB202605008,XVE2,南區電銷,41.0
OBZ020,23770,2026-04-28 13:29:05.117,OBZ020,23770,2026-04-28 13:29:05.117,202605,OB202605008,XVE3,北區電銷2,3.0
OBZ020,23770,2026-04-28 13:29:05.117,OBZ020,23770,2026-04-28 13:29:05.117,202605,OB202605008,XVE4,中區電銷1,26.0
OBZ020,23770,2026-04-28 13:29:51.323,OBZ020,23770,2026-04-28 13:29:51.323,202605,OB202605010,XVE1,北區電銷1,43.0
OBZ020,23770,2026-04-28 13:29:51.323,OBZ020,23770,2026-04-28 13:29:51.323,202605,OB202605010,XVE2,南區電銷,30.0
OBZ020,23770,2026-04-28 13:29:51.323,OBZ020,23770,2026-04-28 13:29:51.323,202605,OB202605010,XVE3,北區電銷2,3.0
OBZ020,23770,2026-04-28 13:29:51.323,OBZ020,23770,2026-04-28 13:29:51.323,202605,OB202605010,XVE4,中區電銷1,24.0
OBZ020,23874,2026-04-30 10:24:53.600,OBZ020,23874,2026-04-30 10:24:53.600,202605,OB202605011,XVE1,北區電銷1,43.0
OBZ020,23874,2026-04-30 10:24:53.600,OBZ020,23874,2026-04-30 10:24:53.600,202605,OB202605011,XVE2,南區電銷,30.0
OBZ020,23874,2026-04-30 10:24:53.600,OBZ020,23874,2026-04-30 10:24:53.600,202605,OB202605011,XVE3,北區電銷2,3.0
OBZ020,23874,2026-04-30 10:24:53.600,OBZ020,23874,2026-04-30 10:24:53.600,202605,OB202605011,XVE4,中區電銷1,24.0
OBZ020,23770,2026-04-28 13:30:08.813,OBZ020,23770,2026-04-28 13:30:08.813,202605,OB202605012,XVE1,北區電銷1,50.0
OBZ020,23770,2026-04-28 13:30:08.813,OBZ020,23770,2026-04-28 13:30:08.813,202605,OB202605012,XVE2,南區電銷,50.0
OBZ020,23770,2026-04-28 13:30:08.813,OBZ020,23770,2026-04-28 13:30:08.813,202605,OB202605012,XVE3,北區電銷2,0.0
OBZ020,23770,2026-04-28 13:30:08.813,OBZ020,23770,2026-04-28 13:30:08.813,202605,OB202605012,XVE4,中區電銷1,0.0
OBZ020,23874,2026-04-30 10:28:55.050,OBZ020,23874,2026-04-30 10:28:55.050,202605,OB202605013,XVE1,北區電銷1,50.0
OBZ020,23874,2026-04-30 10:28:55.050,OBZ020,23874,2026-04-30 10:28:55.050,202605,OB202605013,XVE2,南區電銷,50.0
OBZ020,23874,2026-04-30 10:28:55.050,OBZ020,23874,2026-04-30 10:28:55.050,202605,OB202605013,XVE3,北區電銷2,0.0
OBZ020,23874,2026-04-30 10:28:55.050,OBZ020,23874,2026-04-30 10:28:55.050,202605,OB202605013,XVE4,中區電銷1,0.0
